match_id,season,season_year,date,venue_id,city,team1,team2,team1_name,team2_name,toss_winner,toss_decision,winner,winner_name,result,method,is_eliminator,eliminator_winner,win_by_runs,win_by_wickets,player_of_match,event_name,match_number,stage,gender
1082591,2017,2017,2017-04-05,hyderabad_rajivgandhi,Hyderabad,srh,rcb,Sunrisers Hyderabad,Royal Challengers Bangalore,rcb,field,srh,Sunrisers Hyderabad,,,false,,35.0,,1c914163,Indian Premier League,1.0,,male
1082592,2017,2017,2017-04-06,pune_mca,Pune,rps,mi,Rising Pune Supergiant,Mumbai Indians,rps,field,rps,Rising Pune Supergiant,,,false,,,7.0,30a45b23,Indian Premier League,2.0,,male
1082593,2017,2017,2017-04-07,rajkot_saurashtra,Rajkot,gl,kkr,Gujarat Lions,Kolkata Knight Riders,kkr,field,kkr,Kolkata Knight Riders,,,false,,,10.0,45eda7c8,Indian Premier League,3.0,,male
1082594,2017,2017,2017-04-08,indore_holkar,Indore,pbks,rps,Kings XI Punjab,Rising Pune Supergiant,pbks,field,pbks,Kings XI Punjab,,,false,,,6.0,b681e71e,Indian Premier League,4.0,,male
1082595,2017,2017,2017-04-08,bengaluru_chinnaswamy,Bengaluru,rcb,dc,Royal Challengers Bangalore,Delhi Daredevils,rcb,bat,rcb,Royal Challengers Bangalore,,,false,,15.0,,99d63244,Indian Premier League,5.0,,male
1082596,2017,2017,2017-04-09,hyderabad_rajivgandhi,Hyderabad,srh,gl,Sunrisers Hyderabad,Gujarat Lions,srh,field,srh,Sunrisers Hyderabad,,,false,,,9.0,5f547c8b,Indian Premier League,6.0,,male
1082597,2017,2017,2017-04-09,mumbai_wankhede,Mumbai,mi,kkr,Mumbai Indians,Kolkata Knight Riders,mi,field,mi,Mumbai Indians,,,false,,,4.0,fb2d1dda,Indian Premier League,7.0,,male
1082598,2017,2017,2017-04-10,indore_holkar,Indore,pbks,rcb,Kings XI Punjab,Royal Challengers Bangalore,rcb,bat,pbks,Kings XI Punjab,,,false,,,8.0,2e171977,Indian Premier League,8.0,,male
1082599,2017,2017,2017-04-11,pune_mca,Pune,rps,dc,Rising Pune Supergiant,Delhi Daredevils,rps,field,dc,Delhi Daredevils,,,false,,97.0,,a4cc73aa,Indian Premier League,9.0,,male
1082600,2017,2017,2017-04-12,mumbai_wankhede,Mumbai,mi,srh,Mumbai Indians,Sunrisers Hyderabad,mi,field,mi,Mumbai Indians,,,false,,,4.0,462411b3,Indian Premier League,10.0,,male
1082601,2017,2017,2017-04-13,kolkata_eden,Kolkata,kkr,pbks,Kolkata Knight Riders,Kings XI Punjab,kkr,field,kkr,Kolkata Knight Riders,,,false,,,8.0,9d430b40,Indian Premier League,11.0,,male
1082602,2017,2017,2017-04-14,bengaluru_chinnaswamy,Bengaluru,rcb,mi,Royal Challengers Bangalore,Mumbai Indians,mi,field,mi,Mumbai Indians,,,false,,,4.0,a757b0d8,Indian Premier League,12.0,,male
1082603,2017,2017,2017-04-14,rajkot_saurashtra,Rajkot,gl,rps,Gujarat Lions,Rising Pune Supergiant,gl,field,gl,Gujarat Lions,,,false,,,7.0,7c7d63a2,Indian Premier League,13.0,,male
1082604,2017,2017,2017-04-15,kolkata_eden,Kolkata,kkr,srh,Kolkata Knight Riders,Sunrisers Hyderabad,srh,field,kkr,Kolkata Knight Riders,,,false,,17.0,,1c17e270,Indian Premier League,14.0,,male
1082605,2017,2017,2017-04-15,delhi_kotla,Delhi,dc,pbks,Delhi Daredevils,Kings XI Punjab,dc,bat,dc,Delhi Daredevils,,,false,,51.0,,8abdf100,Indian Premier League,15.0,,male
1082606,2017,2017,2017-04-16,mumbai_wankhede,Mumbai,mi,gl,Mumbai Indians,Gujarat Lions,mi,field,mi,Mumbai Indians,,,false,,,6.0,fb2d1dda,Indian Premier League,16.0,,male
1082607,2017,2017,2017-04-16,bengaluru_chinnaswamy,Bengaluru,rcb,rps,Royal Challengers Bangalore,Rising Pune Supergiant,rcb,field,rps,Rising Pune Supergiant,,,false,,27.0,,e087956b,Indian Premier League,17.0,,male
1082608,2017,2017,2017-04-17,delhi_kotla,Delhi,dc,kkr,Delhi Daredevils,Kolkata Knight Riders,dc,bat,kkr,Kolkata Knight Riders,,,false,,,4.0,56ab442f,Indian Premier League,18.0,,male
1082609,2017,2017,2017-04-17,hyderabad_rajivgandhi,Hyderabad,srh,pbks,Sunrisers Hyderabad,Kings XI Punjab,pbks,field,srh,Sunrisers Hyderabad,,,false,,5.0,,2e81a32d,Indian Premier League,19.0,,male
1082610,2017,2017,2017-04-18,rajkot_saurashtra,Rajkot,gl,rcb,Gujarat Lions,Royal Challengers Bangalore,gl,field,rcb,Royal Challengers Bangalore,,,false,,21.0,,db584dad,Indian Premier League,20.0,,male
1082611,2017,2017,2017-04-19,hyderabad_rajivgandhi,Hyderabad,srh,dc,Sunrisers Hyderabad,Delhi Daredevils,srh,bat,srh,Sunrisers Hyderabad,,,false,,15.0,,d027ba9f,Indian Premier League,21.0,,male
1082612,2017,2017,2017-04-20,indore_holkar,Indore,pbks,mi,Kings XI Punjab,Mumbai Indians,mi,field,mi,Mumbai Indians,,,false,,,8.0,99b75528,Indian Premier League,22.0,,male
1082613,2017,2017,2017-04-21,kolkata_eden,Kolkata,kkr,gl,Kolkata Knight Riders,Gujarat Lions,gl,field,gl,Gujarat Lions,,,false,,,4.0,1dc12ab9,Indian Premier League,23.0,,male
1082614,2017,2017,2017-04-22,mumbai_wankhede,Mumbai,mi,dc,Mumbai Indians,Delhi Daredevils,dc,field,mi,Mumbai Indians,,,false,,14.0,,51a3c5ef,Indian Premier League,25.0,,male
1082615,2017,2017,2017-04-22,pune_mca,Pune,rps,srh,Rising Pune Supergiant,Sunrisers Hyderabad,rps,field,rps,Rising Pune Supergiant,,,false,,,6.0,4a8a2e3b,Indian Premier League,24.0,,male
1082616,2017,2017,2017-04-23,rajkot_saurashtra,Rajkot,gl,pbks,Gujarat Lions,Kings XI Punjab,gl,field,pbks,Kings XI Punjab,,,false,,26.0,,e798611a,Indian Premier League,26.0,,male
1082617,2017,2017,2017-04-23,kolkata_eden,Kolkata,kkr,rcb,Kolkata Knight Riders,Royal Challengers Bangalore,rcb,field,kkr,Kolkata Knight Riders,,,false,,82.0,,56ab442f,Indian Premier League,27.0,,male
1082618,2017,2017,2017-04-24,mumbai_wankhede,Mumbai,mi,rps,Mumbai Indians,Rising Pune Supergiant,mi,field,rps,Rising Pune Supergiant,,,false,,3.0,,e087956b,Indian Premier League,28.0,,male
1082620,2017,2017,2017-04-26,pune_mca,Pune,rps,kkr,Rising Pune Supergiant,Kolkata Knight Riders,kkr,field,kkr,Kolkata Knight Riders,,,false,,,7.0,1c17e270,Indian Premier League,30.0,,male
1082621,2017,2017,2017-04-27,bengaluru_chinnaswamy,Bengaluru,rcb,gl,Royal Challengers Bangalore,Gujarat Lions,gl,field,gl,Gujarat Lions,,,false,,,7.0,7c7d63a2,Indian Premier League,31.0,,male
1082622,2017,2017,2017-04-28,kolkata_eden,Kolkata,kkr,dc,Kolkata Knight Riders,Delhi Daredevils,kkr,field,kkr,Kolkata Knight Riders,,,false,,,7.0,bb345e0b,Indian Premier League,32.0,,male
1082623,2017,2017,2017-04-28,mohali_pca,Mohali,pbks,srh,Kings XI Punjab,Sunrisers Hyderabad,pbks,field,srh,Sunrisers Hyderabad,,,false,,26.0,,5f547c8b,Indian Premier League,33.0,,male
1082624,2017,2017,2017-04-29,pune_mca,Pune,rps,rcb,Rising Pune Supergiant,Royal Challengers Bangalore,rcb,field,rps,Rising Pune Supergiant,,,false,,61.0,,2f9d0389,Indian Premier League,34.0,,male
1082625,2017,2017,2017-04-29,rajkot_saurashtra,Rajkot,gl,mi,Gujarat Lions,Mumbai Indians,gl,bat,,,tie,,true,mi,,,5b8c830e,Indian Premier League,35.0,,male
1082626,2017,2017,2017-04-30,mohali_pca,Mohali,pbks,dc,Kings XI Punjab,Delhi Daredevils,pbks,field,pbks,Kings XI Punjab,,,false,,,10.0,ce820073,Indian Premier League,36.0,,male
1082627,2017,2017,2017-04-30,hyderabad_rajivgandhi,Hyderabad,srh,kkr,Sunrisers Hyderabad,Kolkata Knight Riders,kkr,field,srh,Sunrisers Hyderabad,,,false,,48.0,,dcce6f09,Indian Premier League,37.0,,male
1082628,2017,2017,2017-05-01,mumbai_wankhede,Mumbai,mi,rcb,Mumbai Indians,Royal Challengers Bangalore,rcb,bat,mi,Mumbai Indians,,,false,,,5.0,740742ef,Indian Premier League,38.0,,male
1082629,2017,2017,2017-05-01,pune_mca,Pune,rps,gl,Rising Pune Supergiant,Gujarat Lions,rps,field,rps,Rising Pune Supergiant,,,false,,,5.0,e087956b,Indian Premier League,39.0,,male
1082630,2017,2017,2017-05-02,delhi_kotla,Delhi,dc,srh,Delhi Daredevils,Sunrisers Hyderabad,dc,field,dc,Delhi Daredevils,,,false,,,6.0,8cf9814c,Indian Premier League,40.0,,male
1082631,2017,2017,2017-05-03,kolkata_eden,Kolkata,kkr,rps,Kolkata Knight Riders,Rising Pune Supergiant,rps,field,rps,Rising Pune Supergiant,,,false,,,4.0,77255a9e,Indian Premier League,41.0,,male
1082632,2017,2017,2017-05-04,delhi_kotla,Delhi,dc,gl,Delhi Daredevils,Gujarat Lions,dc,field,dc,Delhi Daredevils,,,false,,,7.0,919a3be2,Indian Premier League,42.0,,male
1082633,2017,2017,2017-05-05,bengaluru_chinnaswamy,Bengaluru,rcb,pbks,Royal Challengers Bangalore,Kings XI Punjab,rcb,field,pbks,Kings XI Punjab,,,false,,19.0,,ce820073,Indian Premier League,43.0,,male
1082634,2017,2017,2017-05-06,hyderabad_rajivgandhi,Hyderabad,srh,rps,Sunrisers Hyderabad,Rising Pune Supergiant,srh,field,rps,Rising Pune Supergiant,,,false,,12.0,,1e66c162,Indian Premier League,44.0,,male
1082635,2017,2017,2017-05-06,delhi_kotla,Delhi,dc,mi,Delhi Daredevils,Mumbai Indians,dc,field,mi,Mumbai Indians,,,false,,146.0,,89f64c19,Indian Premier League,45.0,,male
1082636,2017,2017,2017-05-07,bengaluru_chinnaswamy,Bengaluru,rcb,kkr,Royal Challengers Bangalore,Kolkata Knight Riders,kkr,field,kkr,Kolkata Knight Riders,,,false,,,6.0,9d430b40,Indian Premier League,46.0,,male
1082637,2017,2017,2017-05-07,mohali_pca,Mohali,pbks,gl,Kings XI Punjab,Gujarat Lions,gl,field,gl,Gujarat Lions,,,false,,,6.0,35205dfc,Indian Premier League,47.0,,male
1082638,2017,2017,2017-05-08,hyderabad_rajivgandhi,Hyderabad,srh,mi,Sunrisers Hyderabad,Mumbai Indians,mi,bat,srh,Sunrisers Hyderabad,,,false,,,7.0,0a476045,Indian Premier League,48.0,,male
1082639,2017,2017,2017-05-09,mohali_pca,Mohali,pbks,kkr,Kings XI Punjab,Kolkata Knight Riders,kkr,field,pbks,Kings XI Punjab,,,false,,14.0,,759ac88f,Indian Premier League,49.0,,male
1082640,2017,2017,2017-05-10,kanpur_greenpark,Kanpur,gl,dc,Gujarat Lions,Delhi Daredevils,dc,field,dc,Delhi Daredevils,,,false,,,2.0,85ec8e33,Indian Premier League,50.0,,male
1082641,2017,2017,2017-05-11,mumbai_wankhede,Mumbai,mi,pbks,Mumbai Indians,Kings XI Punjab,mi,field,pbks,Kings XI Punjab,,,false,,7.0,,fe11caa6,Indian Premier League,51.0,,male
1082642,2017,2017,2017-05-12,delhi_kotla,Delhi,dc,rps,Delhi Daredevils,Rising Pune Supergiant,dc,bat,dc,Delhi Daredevils,,,false,,7.0,,944533a5,Indian Premier League,52.0,,male
1082643,2017,2017,2017-05-13,kanpur_greenpark,Kanpur,gl,srh,Gujarat Lions,Sunrisers Hyderabad,srh,field,srh,Sunrisers Hyderabad,,,false,,,8.0,2f49c897,Indian Premier League,53.0,,male
1082644,2017,2017,2017-05-13,kolkata_eden,Kolkata,kkr,mi,Kolkata Knight Riders,Mumbai Indians,kkr,field,mi,Mumbai Indians,,,false,,9.0,,70d205c9,Indian Premier League,54.0,,male
1082645,2017,2017,2017-05-14,pune_mca,Pune,rps,pbks,Rising Pune Supergiant,Kings XI Punjab,rps,field,rps,Rising Pune Supergiant,,,false,,,9.0,1e66c162,Indian Premier League,55.0,,male
1082646,2017,2017,2017-05-14,delhi_kotla,Delhi,dc,rcb,Delhi Daredevils,Royal Challengers Bangalore,rcb,bat,rcb,Royal Challengers Bangalore,,,false,,10.0,,f986ca1a,Indian Premier League,56.0,,male
1082647,2017,2017,2017-05-16,mumbai_wankhede,Mumbai,mi,rps,Mumbai Indians,Rising Pune Supergiant,mi,field,rps,Rising Pune Supergiant,,,false,,20.0,,f19ccfad,Indian Premier League,,Qualifier 1,male
1082648,2017,2017,2017-05-17,bengaluru_chinnaswamy,Bengaluru,srh,kkr,Sunrisers Hyderabad,Kolkata Knight Riders,kkr,field,kkr,Kolkata Knight Riders,,D/L,false,,,7.0,56ab442f,Indian Premier League,,Eliminator,male
1082649,2017,2017,2017-05-19,bengaluru_chinnaswamy,Bengaluru,mi,kkr,Mumbai Indians,Kolkata Knight Riders,mi,field,mi,Mumbai Indians,,,false,,,6.0,119678fd,Indian Premier League,,Qualifier 2,male
1082650,2017,2017,2017-05-21,hyderabad_rajivgandhi,Hyderabad,mi,rps,Mumbai Indians,Rising Pune Supergiant,mi,bat,mi,Mumbai Indians,,,false,,1.0,,5b8c830e,Indian Premier League,,Final,male
1136561,2018,2018,2018-04-07,mumbai_wankhede,Mumbai,mi,csk,Mumbai Indians,Chennai Super Kings,csk,field,csk,Chennai Super Kings,,,false,,,1.0,87e562a9,Indian Premier League,1.0,,male
1136562,2018,2018,2018-04-08,mohali_pca,Mohali,dc,pbks,Delhi Daredevils,Kings XI Punjab,pbks,field,pbks,Kings XI Punjab,,,false,,,6.0,b17e2f24,Indian Premier League,2.0,,male
1136563,2018,2018,2018-04-08,kolkata_eden,Kolkata,rcb,kkr,Royal Challengers Bangalore,Kolkata Knight Riders,kkr,field,kkr,Kolkata Knight Riders,,,false,,,4.0,9d430b40,Indian Premier League,3.0,,male
1136564,2018,2018,2018-04-09,hyderabad_rajivgandhi,Hyderabad,rr,srh,Rajasthan Royals,Sunrisers Hyderabad,srh,field,srh,Sunrisers Hyderabad,,,false,,,9.0,0a476045,Indian Premier League,4.0,,male
1136565,2018,2018,2018-04-10,chennai_chepauk,Chennai,kkr,csk,Kolkata Knight Riders,Chennai Super Kings,csk,field,csk,Chennai Super Kings,,,false,,,5.0,c16d4035,Indian Premier League,5.0,,male
1136566,2018,2018,2018-04-11,jaipur_sawaimansingh,Jaipur,rr,dc,Rajasthan Royals,Delhi Daredevils,dc,field,rr,Rajasthan Royals,,D/L,false,,10.0,,a4cc73aa,Indian Premier League,6.0,,male
1136567,2018,2018,2018-04-12,hyderabad_rajivgandhi,Hyderabad,mi,srh,Mumbai Indians,Sunrisers Hyderabad,srh,field,srh,Sunrisers Hyderabad,,,false,,,1.0,5f547c8b,Indian Premier League,7.0,,male
1136568,2018,2018,2018-04-13,bengaluru_chinnaswamy,Bengaluru,pbks,rcb,Kings XI Punjab,Royal Challengers Bangalore,rcb,field,rcb,Royal Challengers Bangalore,,,false,,,4.0,cc1e8c68,Indian Premier League,8.0,,male
1136569,2018,2018,2018-04-14,mumbai_wankhede,Mumbai,mi,dc,Mumbai Indians,Delhi Daredevils,dc,field,dc,Delhi Daredevils,,,false,,,7.0,d1c36f5c,Indian Premier League,9.0,,male
1136570,2018,2018,2018-04-14,kolkata_eden,Kolkata,kkr,srh,Kolkata Knight Riders,Sunrisers Hyderabad,srh,field,srh,Sunrisers Hyderabad,,,false,,,5.0,6834d1f2,Indian Premier League,10.0,,male
1136571,2018,2018,2018-04-15,bengaluru_chinnaswamy,Bengaluru,rr,rcb,Rajasthan Royals,Royal Challengers Bangalore,rcb,field,rr,Rajasthan Royals,,,false,,19.0,,a4cc73aa,Indian Premier League,11.0,,male
1136572,2018,2018,2018-04-15,mohali_pca,Mohali,pbks,csk,Kings XI Punjab,Chennai Super Kings,csk,field,pbks,Kings XI Punjab,,,false,,4.0,,db584dad,Indian Premier League,12.0,,male
1136573,2018,2018,2018-04-16,kolkata_eden,Kolkata,kkr,dc,Kolkata Knight Riders,Delhi Daredevils,dc,field,kkr,Kolkata Knight Riders,,,false,,71.0,,fb2d1dda,Indian Premier League,13.0,,male
1136574,2018,2018,2018-04-17,mumbai_wankhede,Mumbai,mi,rcb,Mumbai Indians,Royal Challengers Bangalore,rcb,field,mi,Mumbai Indians,,,false,,46.0,,740742ef,Indian Premier League,14.0,,male
1136575,2018,2018,2018-04-18,jaipur_sawaimansingh,Jaipur,rr,kkr,Rajasthan Royals,Kolkata Knight Riders,kkr,field,kkr,Kolkata Knight Riders,,,false,,,7.0,fb2d1dda,Indian Premier League,15.0,,male
1136576,2018,2018,2018-04-19,mohali_pca,Mohali,pbks,srh,Kings XI Punjab,Sunrisers Hyderabad,pbks,bat,pbks,Kings XI Punjab,,,false,,15.0,,db584dad,Indian Premier League,16.0,,male
1136577,2018,2018,2018-04-20,pune_mca,Pune,csk,rr,Chennai Super Kings,Rajasthan Royals,rr,field,csk,Chennai Super Kings,,,false,,64.0,,4329fbb5,Indian Premier League,17.0,,male
1136578,2018,2018,2018-04-21,kolkata_eden,Kolkata,kkr,pbks,Kolkata Knight Riders,Kings XI Punjab,pbks,field,pbks,Kings XI Punjab,,D/L,false,,,9.0,b17e2f24,Indian Premier League,18.0,,male
1136579,2018,2018,2018-04-21,bengaluru_chinnaswamy,Bengaluru,dc,rcb,Delhi Daredevils,Royal Challengers Bangalore,rcb,field,rcb,Royal Challengers Bangalore,,,false,,,6.0,c4487b84,Indian Premier League,19.0,,male
1136580,2018,2018,2018-04-22,hyderabad_rajivgandhi,Hyderabad,csk,srh,Chennai Super Kings,Sunrisers Hyderabad,srh,field,csk,Chennai Super Kings,,,false,,4.0,,70d205c9,Indian Premier League,20.0,,male
1136581,2018,2018,2018-04-22,jaipur_sawaimansingh,Jaipur,mi,rr,Mumbai Indians,Rajasthan Royals,mi,bat,rr,Rajasthan Royals,,,false,,,3.0,5574750c,Indian Premier League,21.0,,male
1136582,2018,2018,2018-04-23,delhi_kotla,Delhi,pbks,dc,Kings XI Punjab,Delhi Daredevils,dc,field,pbks,Kings XI Punjab,,,false,,4.0,,db31895a,Indian Premier League,22.0,,male
1136583,2018,2018,2018-04-24,mumbai_wankhede,Mumbai,srh,mi,Sunrisers Hyderabad,Mumbai Indians,mi,field,srh,Sunrisers Hyderabad,,,false,,31.0,,5f547c8b,Indian Premier League,23.0,,male
1136584,2018,2018,2018-04-25,bengaluru_chinnaswamy,Bengaluru,rcb,csk,Royal Challengers Bangalore,Chennai Super Kings,csk,field,csk,Chennai Super Kings,,,false,,,5.0,4a8a2e3b,Indian Premier League,24.0,,male
1136585,2018,2018,2018-04-26,hyderabad_rajivgandhi,Hyderabad,srh,pbks,Sunrisers Hyderabad,Kings XI Punjab,pbks,field,srh,Sunrisers Hyderabad,,,false,,13.0,,db31895a,Indian Premier League,25.0,,male
1136586,2018,2018,2018-04-27,delhi_kotla,Delhi,dc,kkr,Delhi Daredevils,Kolkata Knight Riders,kkr,field,dc,Delhi Daredevils,,,false,,55.0,,85ec8e33,Indian Premier League,26.0,,male
1136587,2018,2018,2018-04-28,pune_mca,Pune,csk,mi,Chennai Super Kings,Mumbai Indians,mi,field,mi,Mumbai Indians,,,false,,,8.0,740742ef,Indian Premier League,27.0,,male
1136588,2018,2018,2018-04-29,jaipur_sawaimansingh,Jaipur,srh,rr,Sunrisers Hyderabad,Rajasthan Royals,srh,bat,srh,Sunrisers Hyderabad,,,false,,11.0,,d027ba9f,Indian Premier League,28.0,,male
1136589,2018,2018,2018-04-29,bengaluru_chinnaswamy,Bengaluru,rcb,kkr,Royal Challengers Bangalore,Kolkata Knight Riders,kkr,field,kkr,Kolkata Knight Riders,,,false,,,6.0,45eda7c8,Indian Premier League,29.0,,male
1136590,2018,2018,2018-04-30,pune_mca,Pune,csk,dc,Chennai Super Kings,Delhi Daredevils,dc,field,csk,Chennai Super Kings,,,false,,13.0,,4329fbb5,Indian Premier League,30.0,,male
1136591,2018,2018,2018-05-01,bengaluru_chinnaswamy,Bengaluru,rcb,mi,Royal Challengers Bangalore,Mumbai Indians,mi,field,rcb,Royal Challengers Bangalore,,,false,,14.0,,13c35c9e,Indian Premier League,31.0,,male
1136592,2018,2018,2018-05-02,delhi_kotla,Delhi,dc,rr,Delhi Daredevils,Rajasthan Royals,rr,field,dc,Delhi Daredevils,,D/L,false,,4.0,,919a3be2,Indian Premier League,32.0,,male
1136593,2018,2018,2018-05-03,kolkata_eden,Kolkata,csk,kkr,Chennai Super Kings,Kolkata Knight Riders,kkr,field,kkr,Kolkata Knight Riders,,,false,,,6.0,9d430b40,Indian Premier League,33.0,,male
1136594,2018,2018,2018-05-04,indore_holkar,Indore,pbks,mi,Kings XI Punjab,Mumbai Indians,mi,field,mi,Mumbai Indians,,,false,,,6.0,271f83cd,Indian Premier League,34.0,,male
1136595,2018,2018,2018-05-05,pune_mca,Pune,rcb,csk,Royal Challengers Bangalore,Chennai Super Kings,csk,field,csk,Chennai Super Kings,,,false,,,6.0,fe93fd9d,Indian Premier League,35.0,,male
1136596,2018,2018,2018-05-05,hyderabad_rajivgandhi,Hyderabad,dc,srh,Delhi Daredevils,Sunrisers Hyderabad,dc,bat,srh,Sunrisers Hyderabad,,,false,,,7.0,5f547c8b,Indian Premier League,36.0,,male
1136597,2018,2018,2018-05-06,mumbai_wankhede,Mumbai,mi,kkr,Mumbai Indians,Kolkata Knight Riders,kkr,field,mi,Mumbai Indians,,,false,,13.0,,dbe50b21,Indian Premier League,37.0,,male
1136598,2018,2018,2018-05-06,indore_holkar,Indore,rr,pbks,Rajasthan Royals,Kings XI Punjab,pbks,field,pbks,Kings XI Punjab,,,false,,,6.0,7d92277a,Indian Premier League,38.0,,male
1136599,2018,2018,2018-05-07,hyderabad_rajivgandhi,Hyderabad,srh,rcb,Sunrisers Hyderabad,Royal Challengers Bangalore,rcb,field,srh,Sunrisers Hyderabad,,,false,,5.0,,d027ba9f,Indian Premier League,39.0,,male
1136600,2018,2018,2018-05-08,jaipur_sawaimansingh,Jaipur,rr,pbks,Rajasthan Royals,Kings XI Punjab,rr,bat,rr,Rajasthan Royals,,,false,,15.0,,99b75528,Indian Premier League,40.0,,male
1136601,2018,2018,2018-05-09,kolkata_eden,Kolkata,mi,kkr,Mumbai Indians,Kolkata Knight Riders,kkr,field,mi,Mumbai Indians,,,false,,102.0,,752f7486,Indian Premier League,41.0,,male
1136602,2018,2018,2018-05-10,delhi_kotla,Delhi,dc,srh,Delhi Daredevils,Sunrisers Hyderabad,dc,bat,srh,Sunrisers Hyderabad,,,false,,,9.0,0a476045,Indian Premier League,42.0,,male
1136603,2018,2018,2018-05-11,jaipur_sawaimansingh,Jaipur,csk,rr,Chennai Super Kings,Rajasthan Royals,csk,bat,rr,Rajasthan Royals,,,false,,,4.0,99b75528,Indian Premier League,43.0,,male
1136604,2018,2018,2018-05-12,indore_holkar,Indore,kkr,pbks,Kolkata Knight Riders,Kings XI Punjab,pbks,field,kkr,Kolkata Knight Riders,,,false,,31.0,,9d430b40,Indian Premier League,44.0,,male
1136605,2018,2018,2018-05-12,delhi_kotla,Delhi,dc,rcb,Delhi Daredevils,Royal Challengers Bangalore,rcb,field,rcb,Royal Challengers Bangalore,,,false,,,5.0,c4487b84,Indian Premier League,45.0,,male
1136606,2018,2018,2018-05-13,pune_mca,Pune,srh,csk,Sunrisers Hyderabad,Chennai Super Kings,csk,field,csk,Chennai Super Kings,,,false,,,8.0,70d205c9,Indian Premier League,46.0,,male
1136607,2018,2018,2018-05-13,mumbai_wankhede,Mumbai,mi,rr,Mumbai Indians,Rajasthan Royals,rr,field,rr,Rajasthan Royals,,,false,,,7.0,99b75528,Indian Premier League,47.0,,male
1136608,2018,2018,2018-05-14,indore_holkar,Indore,pbks,rcb,Kings XI Punjab,Royal Challengers Bangalore,rcb,field,rcb,Royal Challengers Bangalore,,,false,,,10.0,cc1e8c68,Indian Premier League,48.0,,male
1136609,2018,2018,2018-05-15,kolkata_eden,Kolkata,rr,kkr,Rajasthan Royals,Kolkata Knight Riders,kkr,field,kkr,Kolkata Knight Riders,,,false,,,6.0,8d2c70ad,Indian Premier League,49.0,,male
1136610,2018,2018,2018-05-16,mumbai_wankhede,Mumbai,mi,pbks,Mumbai Indians,Kings XI Punjab,pbks,field,mi,Mumbai Indians,,,false,,3.0,,462411b3,Indian Premier League,50.0,,male
1136611,2018,2018,2018-05-17,bengaluru_chinnaswamy,Bengaluru,rcb,srh,Royal Challengers Bangalore,Sunrisers Hyderabad,srh,field,rcb,Royal Challengers Bangalore,,,false,,14.0,,c4487b84,Indian Premier League,51.0,,male
1136612,2018,2018,2018-05-18,delhi_kotla,Delhi,dc,csk,Delhi Daredevils,Chennai Super Kings,csk,field,dc,Delhi Daredevils,,,false,,34.0,,f986ca1a,Indian Premier League,52.0,,male
1136613,2018,2018,2018-05-19,jaipur_sawaimansingh,Jaipur,rr,rcb,Rajasthan Royals,Royal Challengers Bangalore,rr,bat,rr,Rajasthan Royals,,,false,,30.0,,7a8bd078,Indian Premier League,53.0,,male
1136614,2018,2018,2018-05-19,hyderabad_rajivgandhi,Hyderabad,srh,kkr,Sunrisers Hyderabad,Kolkata Knight Riders,srh,bat,kkr,Kolkata Knight Riders,,,false,,,5.0,45eda7c8,Indian Premier League,54.0,,male
1136615,2018,2018,2018-05-20,delhi_kotla,Delhi,dc,mi,Delhi Daredevils,Mumbai Indians,dc,bat,dc,Delhi Daredevils,,,false,,11.0,,6b19d823,Indian Premier League,55.0,,male
1136616,2018,2018,2018-05-20,pune_mca,Pune,pbks,csk,Kings XI Punjab,Chennai Super Kings,csk,field,csk,Chennai Super Kings,,,false,,,5.0,f834dcfc,Indian Premier League,56.0,,male
1136617,2018,2018,2018-05-22,mumbai_wankhede,Mumbai,srh,csk,Sunrisers Hyderabad,Chennai Super Kings,csk,field,csk,Chennai Super Kings,,,false,,,2.0,3355b542,Indian Premier League,,Qualifier 1,male
1136618,2018,2018,2018-05-23,kolkata_eden,Kolkata,kkr,rr,Kolkata Knight Riders,Rajasthan Royals,rr,field,kkr,Kolkata Knight Riders,,,false,,25.0,,bbd41817,Indian Premier League,,Eliminator,male
1136619,2018,2018,2018-05-25,kolkata_eden,Kolkata,srh,kkr,Sunrisers Hyderabad,Kolkata Knight Riders,kkr,field,srh,Sunrisers Hyderabad,,,false,,14.0,,5f547c8b,Indian Premier League,,Qualifier 2,male
1136620,2018,2018,2018-05-27,mumbai_wankhede,Mumbai,srh,csk,Sunrisers Hyderabad,Chennai Super Kings,csk,field,csk,Chennai Super Kings,,,false,,,8.0,4329fbb5,Indian Premier League,,Final,male
1175356,2019,2019,2019-03-23,chennai_chepauk,Chennai,rcb,csk,Royal Challengers Bangalore,Chennai Super Kings,csk,field,csk,Chennai Super Kings,,,false,,,7.0,8b5b6769,Indian Premier League,1.0,,male
1175357,2019,2019,2019-03-24,kolkata_eden,Kolkata,srh,kkr,Sunrisers Hyderabad,Kolkata Knight Riders,kkr,field,kkr,Kolkata Knight Riders,,,false,,,6.0,bbd41817,Indian Premier League,2.0,,male
1175358,2019,2019,2019-03-24,mumbai_wankhede,Mumbai,dc,mi,Delhi Capitals,Mumbai Indians,mi,field,dc,Delhi Capitals,,,false,,37.0,,919a3be2,Indian Premier League,3.0,,male
1175359,2019,2019,2019-03-25,jaipur_sawaimansingh,Jaipur,pbks,rr,Kings XI Punjab,Rajasthan Royals,rr,field,pbks,Kings XI Punjab,,,false,,14.0,,db584dad,Indian Premier League,4.0,,male
1175360,2019,2019,2019-03-26,delhi_kotla,Delhi,dc,csk,Delhi Capitals,Chennai Super Kings,dc,bat,csk,Chennai Super Kings,,,false,,,6.0,4329fbb5,Indian Premier League,5.0,,male
1175361,2019,2019,2019-03-27,kolkata_eden,Kolkata,kkr,pbks,Kolkata Knight Riders,Kings XI Punjab,pbks,field,kkr,Kolkata Knight Riders,,,false,,28.0,,bbd41817,Indian Premier League,6.0,,male
1175362,2019,2019,2019-03-28,bengaluru_chinnaswamy,Bengaluru,mi,rcb,Mumbai Indians,Royal Challengers Bangalore,rcb,field,mi,Mumbai Indians,,,false,,6.0,,462411b3,Indian Premier League,7.0,,male
1175363,2019,2019,2019-03-29,hyderabad_rajivgandhi,Hyderabad,rr,srh,Rajasthan Royals,Sunrisers Hyderabad,rr,bat,srh,Sunrisers Hyderabad,,,false,,,5.0,5f547c8b,Indian Premier League,8.0,,male
1175364,2019,2019,2019-03-30,mohali_pca,Mohali,mi,pbks,Mumbai Indians,Kings XI Punjab,pbks,field,pbks,Kings XI Punjab,,,false,,,8.0,00ea847a,Indian Premier League,9.0,,male
1175365,2019,2019,2019-03-30,delhi_kotla,Delhi,kkr,dc,Kolkata Knight Riders,Delhi Capitals,dc,field,,,tie,,true,dc,,,8b3e9c7c,Indian Premier League,10.0,,male
1175366,2019,2019,2019-03-31,hyderabad_rajivgandhi,Hyderabad,srh,rcb,Sunrisers Hyderabad,Royal Challengers Bangalore,rcb,field,srh,Sunrisers Hyderabad,,,false,,118.0,,abb83e27,Indian Premier League,11.0,,male
1175367,2019,2019,2019-03-31,chennai_chepauk,Chennai,csk,rr,Chennai Super Kings,Rajasthan Royals,rr,field,csk,Chennai Super Kings,,,false,,8.0,,4a8a2e3b,Indian Premier League,12.0,,male
1175368,2019,2019,2019-04-01,mohali_pca,Mohali,pbks,dc,Kings XI Punjab,Delhi Capitals,dc,field,pbks,Kings XI Punjab,,,false,,14.0,,e94915e6,Indian Premier League,13.0,,male
1175369,2019,2019,2019-04-02,jaipur_sawaimansingh,Jaipur,rcb,rr,Royal Challengers Bangalore,Rajasthan Royals,rr,field,rr,Rajasthan Royals,,,false,,,7.0,7a8bd078,Indian Premier League,14.0,,male
1175370,2019,2019,2019-04-03,mumbai_wankhede,Mumbai,mi,csk,Mumbai Indians,Chennai Super Kings,csk,field,mi,Mumbai Indians,,,false,,37.0,,dbe50b21,Indian Premier League,15.0,,male
1175371,2019,2019,2019-04-04,delhi_kotla,Delhi,dc,srh,Delhi Capitals,Sunrisers Hyderabad,srh,field,srh,Sunrisers Hyderabad,,,false,,,5.0,abb83e27,Indian Premier League,16.0,,male
1175372,2019,2019,2019-04-05,bengaluru_chinnaswamy,Bengaluru,rcb,kkr,Royal Challengers Bangalore,Kolkata Knight Riders,kkr,field,kkr,Kolkata Knight Riders,,,false,,,5.0,bbd41817,Indian Premier League,17.0,,male
1178393,2019,2019,2019-04-06,chennai_chepauk,Chennai,csk,pbks,Chennai Super Kings,Kings XI Punjab,csk,bat,csk,Chennai Super Kings,,,false,,22.0,,8b5b6769,Indian Premier League,18.0,,male
1178394,2019,2019,2019-04-06,hyderabad_rajivgandhi,Hyderabad,mi,srh,Mumbai Indians,Sunrisers Hyderabad,srh,field,mi,Mumbai Indians,,,false,,40.0,,b0946605,Indian Premier League,19.0,,male
1178395,2019,2019,2019-04-07,bengaluru_chinnaswamy,Bengaluru,rcb,dc,Royal Challengers Bangalore,Delhi Capitals,dc,field,dc,Delhi Capitals,,,false,,,4.0,e62dd25d,Indian Premier League,20.0,,male
1178396,2019,2019,2019-04-07,jaipur_sawaimansingh,Jaipur,rr,kkr,Rajasthan Royals,Kolkata Knight Riders,kkr,field,kkr,Kolkata Knight Riders,,,false,,,8.0,e412cb64,Indian Premier League,21.0,,male
1178397,2019,2019,2019-04-08,mohali_pca,Mohali,srh,pbks,Sunrisers Hyderabad,Kings XI Punjab,pbks,field,pbks,Kings XI Punjab,,,false,,,6.0,b17e2f24,Indian Premier League,22.0,,male
1178398,2019,2019,2019-04-09,chennai_chepauk,Chennai,kkr,csk,Kolkata Knight Riders,Chennai Super Kings,csk,field,csk,Chennai Super Kings,,,false,,,7.0,23eeb873,Indian Premier League,23.0,,male
1178399,2019,2019,2019-04-10,mumbai_wankhede,Mumbai,pbks,mi,Kings XI Punjab,Mumbai Indians,mi,field,mi,Mumbai Indians,,,false,,,3.0,a757b0d8,Indian Premier League,24.0,,male
1178400,2019,2019,2019-04-11,jaipur_sawaimansingh,Jaipur,rr,csk,Rajasthan Royals,Chennai Super Kings,csk,field,csk,Chennai Super Kings,,,false,,,4.0,4a8a2e3b,Indian Premier League,25.0,,male
1178401,2019,2019,2019-04-12,kolkata_eden,Kolkata,kkr,dc,Kolkata Knight Riders,Delhi Capitals,dc,field,dc,Delhi Capitals,,,false,,,7.0,0a476045,Indian Premier League,26.0,,male
1178402,2019,2019,2019-04-13,mumbai_wankhede,Mumbai,mi,rr,Mumbai Indians,Rajasthan Royals,rr,field,rr,Rajasthan Royals,,,false,,,4.0,99b75528,Indian Premier League,27.0,,male
1178403,2019,2019,2019-04-13,mohali_pca,Mohali,pbks,rcb,Kings XI Punjab,Royal Challengers Bangalore,rcb,field,rcb,Royal Challengers Bangalore,,,false,,,8.0,c4487b84,Indian Premier League,28.0,,male
1178404,2019,2019,2019-04-14,kolkata_eden,Kolkata,kkr,csk,Kolkata Knight Riders,Chennai Super Kings,csk,field,csk,Chennai Super Kings,,,false,,,5.0,acee4cc4,Indian Premier League,29.0,,male
1178405,2019,2019,2019-04-14,hyderabad_rajivgandhi,Hyderabad,dc,srh,Delhi Capitals,Sunrisers Hyderabad,srh,field,dc,Delhi Capitals,,,false,,39.0,,75224f22,Indian Premier League,30.0,,male
1178406,2019,2019,2019-04-15,mumbai_wankhede,Mumbai,rcb,mi,Royal Challengers Bangalore,Mumbai Indians,mi,field,mi,Mumbai Indians,,,false,,,5.0,a12e1d51,Indian Premier League,31.0,,male
1178407,2019,2019,2019-04-16,mohali_pca,Mohali,pbks,rr,Kings XI Punjab,Rajasthan Royals,rr,field,pbks,Kings XI Punjab,,,false,,12.0,,495d42a5,Indian Premier League,32.0,,male
1178408,2019,2019,2019-04-17,hyderabad_rajivgandhi,Hyderabad,csk,srh,Chennai Super Kings,Sunrisers Hyderabad,csk,bat,srh,Sunrisers Hyderabad,,,false,,,6.0,dcce6f09,Indian Premier League,33.0,,male
1178409,2019,2019,2019-04-18,delhi_kotla,Delhi,mi,dc,Mumbai Indians,Delhi Capitals,mi,bat,mi,Mumbai Indians,,,false,,40.0,,dbe50b21,Indian Premier League,34.0,,male
1178410,2019,2019,2019-04-19,kolkata_eden,Kolkata,rcb,kkr,Royal Challengers Bangalore,Kolkata Knight Riders,kkr,field,rcb,Royal Challengers Bangalore,,,false,,10.0,,ba607b88,Indian Premier League,35.0,,male
1178411,2019,2019,2019-04-20,jaipur_sawaimansingh,Jaipur,mi,rr,Mumbai Indians,Rajasthan Royals,rr,field,rr,Rajasthan Royals,,,false,,,5.0,30a45b23,Indian Premier League,36.0,,male
1178412,2019,2019,2019-04-20,delhi_kotla,Delhi,pbks,dc,Kings XI Punjab,Delhi Capitals,dc,field,dc,Delhi Capitals,,,false,,,5.0,85ec8e33,Indian Premier League,37.0,,male
1178413,2019,2019,2019-04-21,hyderabad_rajivgandhi,Hyderabad,kkr,srh,Kolkata Knight Riders,Sunrisers Hyderabad,srh,field,srh,Sunrisers Hyderabad,,,false,,,9.0,a2f46292,Indian Premier League,38.0,,male
1178414,2019,2019,2019-04-21,bengaluru_chinnaswamy,Bengaluru,rcb,csk,Royal Challengers Bangalore,Chennai Super Kings,csk,field,rcb,Royal Challengers Bangalore,,,false,,1.0,,b5da6c24,Indian Premier League,39.0,,male
1178415,2019,2019,2019-04-22,jaipur_sawaimansingh,Jaipur,rr,dc,Rajasthan Royals,Delhi Capitals,dc,field,dc,Delhi Capitals,,,false,,,6.0,919a3be2,Indian Premier League,40.0,,male
1178416,2019,2019,2019-04-23,chennai_chepauk,Chennai,srh,csk,Sunrisers Hyderabad,Chennai Super Kings,csk,field,csk,Chennai Super Kings,,,false,,,6.0,4329fbb5,Indian Premier League,41.0,,male
1178417,2019,2019,2019-04-24,bengaluru_chinnaswamy,Bengaluru,rcb,pbks,Royal Challengers Bangalore,Kings XI Punjab,pbks,field,rcb,Royal Challengers Bangalore,,,false,,17.0,,c4487b84,Indian Premier League,42.0,,male
1178418,2019,2019,2019-04-25,kolkata_eden,Kolkata,kkr,rr,Kolkata Knight Riders,Rajasthan Royals,rr,field,rr,Rajasthan Royals,,,false,,,3.0,0a3d54b9,Indian Premier League,43.0,,male
1178419,2019,2019,2019-04-26,chennai_chepauk,Chennai,mi,csk,Mumbai Indians,Chennai Super Kings,csk,field,mi,Mumbai Indians,,,false,,46.0,,740742ef,Indian Premier League,44.0,,male
1178420,2019,2019,2019-04-27,jaipur_sawaimansingh,Jaipur,srh,rr,Sunrisers Hyderabad,Rajasthan Royals,rr,field,rr,Rajasthan Royals,,,false,,,7.0,1e66c162,Indian Premier League,45.0,,male
1178421,2019,2019,2019-04-28,delhi_kotla,Delhi,dc,rcb,Delhi Capitals,Royal Challengers Bangalore,dc,bat,dc,Delhi Capitals,,,false,,16.0,,0a476045,Indian Premier League,46.0,,male
1178422,2019,2019,2019-04-28,kolkata_eden,Kolkata,kkr,mi,Kolkata Knight Riders,Mumbai Indians,mi,field,kkr,Kolkata Knight Riders,,,false,,34.0,,bbd41817,Indian Premier League,47.0,,male
1178423,2019,2019,2019-04-29,hyderabad_rajivgandhi,Hyderabad,srh,pbks,Sunrisers Hyderabad,Kings XI Punjab,pbks,field,srh,Sunrisers Hyderabad,,,false,,45.0,,dcce6f09,Indian Premier League,48.0,,male
1178424,2019,2019,2019-04-30,bengaluru_chinnaswamy,Bengaluru,rcb,rr,Royal Challengers Bangalore,Rajasthan Royals,rr,field,,,no result,,false,,,,,Indian Premier League,49.0,,male
1178425,2019,2019,2019-05-01,chennai_chepauk,Chennai,csk,dc,Chennai Super Kings,Delhi Capitals,dc,field,csk,Chennai Super Kings,,,false,,80.0,,4a8a2e3b,Indian Premier League,50.0,,male
1178426,2019,2019,2019-05-02,mumbai_wankhede,Mumbai,mi,srh,Mumbai Indians,Sunrisers Hyderabad,mi,bat,,,tie,,true,mi,,,462411b3,Indian Premier League,51.0,,male
1178427,2019,2019,2019-05-03,mohali_pca,Mohali,pbks,kkr,Kings XI Punjab,Kolkata Knight Riders,kkr,field,kkr,Kolkata Knight Riders,,,false,,,7.0,b4b99816,Indian Premier League,52.0,,male
1178428,2019,2019,2019-05-04,delhi_kotla,Delhi,rr,dc,Rajasthan Royals,Delhi Capitals,rr,bat,dc,Delhi Capitals,,,false,,,5.0,6b19d823,Indian Premier League,53.0,,male
1178429,2019,2019,2019-05-04,bengaluru_chinnaswamy,Bengaluru,srh,rcb,Sunrisers Hyderabad,Royal Challengers Bangalore,rcb,field,rcb,Royal Challengers Bangalore,,,false,,,4.0,48a1d7b7,Indian Premier League,54.0,,male
1178430,2019,2019,2019-05-05,mohali_pca,Mohali,csk,pbks,Chennai Super Kings,Kings XI Punjab,pbks,field,pbks,Kings XI Punjab,,,false,,,6.0,b17e2f24,Indian Premier League,55.0,,male
1178431,2019,2019,2019-05-05,mumbai_wankhede,Mumbai,kkr,mi,Kolkata Knight Riders,Mumbai Indians,mi,field,mi,Mumbai Indians,,,false,,,9.0,dbe50b21,Indian Premier League,56.0,,male
1181764,2019,2019,2019-05-07,chennai_chepauk,Chennai,csk,mi,Chennai Super Kings,Mumbai Indians,csk,bat,mi,Mumbai Indians,,,false,,,6.0,271f83cd,Indian Premier League,,Qualifier 1,male
1181766,2019,2019,2019-05-08,vizag_acavdca,Visakhapatnam,srh,dc,Sunrisers Hyderabad,Delhi Capitals,dc,field,dc,Delhi Capitals,,,false,,,2.0,919a3be2,Indian Premier League,,Eliminator,male
1181767,2019,2019,2019-05-10,vizag_acavdca,Visakhapatnam,dc,csk,Delhi Capitals,Chennai Super Kings,csk,field,csk,Chennai Super Kings,,,false,,,6.0,3355b542,Indian Premier League,,Qualifier 2,male
1181768,2019,2019,2019-05-12,hyderabad_rajivgandhi,Hyderabad,mi,csk,Mumbai Indians,Chennai Super Kings,mi,bat,mi,Mumbai Indians,,,false,,1.0,,462411b3,Indian Premier League,,Final,male
1216492,2020/21,2021,2020-09-19,abudhabi_zayed,Abu Dhabi,mi,csk,Mumbai Indians,Chennai Super Kings,csk,field,csk,Chennai Super Kings,,,false,,,5.0,70d205c9,Indian Premier League,1.0,,male
1216493,2020/21,2021,2020-09-20,dubai_intl,Dubai,dc,pbks,Delhi Capitals,Kings XI Punjab,pbks,field,,,tie,,true,dc,,,d9273ee7,Indian Premier League,2.0,,male
1216494,2020/21,2021,2020-10-21,abudhabi_zayed,Abu Dhabi,kkr,rcb,Kolkata Knight Riders,Royal Challengers Bangalore,kkr,bat,rcb,Royal Challengers Bangalore,,,false,,,8.0,2f49c897,Indian Premier League,39.0,,male
1216495,2020/21,2021,2020-11-03,sharjah,Sharjah,mi,srh,Mumbai Indians,Sunrisers Hyderabad,srh,field,srh,Sunrisers Hyderabad,,,false,,,10.0,9d80c5e1,Indian Premier League,56.0,,male
1216496,2020/21,2021,2020-09-22,sharjah,Sharjah,rr,csk,Rajasthan Royals,Chennai Super Kings,csk,field,rr,Rajasthan Royals,,,false,,16.0,,a4cc73aa,Indian Premier League,4.0,,male
1216497,2020/21,2021,2020-10-24,abudhabi_zayed,Abu Dhabi,kkr,dc,Kolkata Knight Riders,Delhi Capitals,dc,field,kkr,Kolkata Knight Riders,,,false,,59.0,,5b7ab5a9,Indian Premier League,42.0,,male
1216498,2020/21,2021,2020-10-24,dubai_intl,Dubai,pbks,srh,Kings XI Punjab,Sunrisers Hyderabad,srh,field,pbks,Kings XI Punjab,,,false,,12.0,,ffe699c0,Indian Premier League,43.0,,male
1216499,2020/21,2021,2020-10-28,abudhabi_zayed,Abu Dhabi,rcb,mi,Royal Challengers Bangalore,Mumbai Indians,mi,field,mi,Mumbai Indians,,,false,,,5.0,271f83cd,Indian Premier League,48.0,,male
1216500,2020/21,2021,2020-10-09,sharjah,Sharjah,dc,rr,Delhi Capitals,Rajasthan Royals,rr,field,dc,Delhi Capitals,,,false,,46.0,,495d42a5,Indian Premier League,23.0,,male
1216501,2020/21,2021,2020-10-07,abudhabi_zayed,Abu Dhabi,kkr,csk,Kolkata Knight Riders,Chennai Super Kings,kkr,bat,kkr,Kolkata Knight Riders,,,false,,10.0,,77255a9e,Indian Premier League,21.0,,male
1216502,2020/21,2021,2020-10-31,sharjah,Sharjah,rcb,srh,Royal Challengers Bangalore,Sunrisers Hyderabad,srh,field,srh,Sunrisers Hyderabad,,,false,,,5.0,ce820073,Indian Premier League,52.0,,male
1216503,2020/21,2021,2020-10-01,abudhabi_zayed,Abu Dhabi,mi,pbks,Mumbai Indians,Kings XI Punjab,pbks,field,mi,Mumbai Indians,,,false,,48.0,,a757b0d8,Indian Premier League,13.0,,male
1216504,2020/21,2021,2020-09-30,dubai_intl,Dubai,kkr,rr,Kolkata Knight Riders,Rajasthan Royals,rr,field,kkr,Kolkata Knight Riders,,,false,,37.0,,c38d3503,Indian Premier League,12.0,,male
1216505,2020/21,2021,2020-11-02,abudhabi_zayed,Abu Dhabi,rcb,dc,Royal Challengers Bangalore,Delhi Capitals,dc,field,dc,Delhi Capitals,,,false,,,6.0,acdc62f5,Indian Premier League,55.0,,male
1216506,2020/21,2021,2020-11-01,abudhabi_zayed,Abu Dhabi,pbks,csk,Kings XI Punjab,Chennai Super Kings,csk,field,csk,Chennai Super Kings,,,false,,,9.0,45a43fe2,Indian Premier League,53.0,,male
1216507,2020/21,2021,2020-10-11,dubai_intl,Dubai,srh,rr,Sunrisers Hyderabad,Rajasthan Royals,srh,bat,rr,Rajasthan Royals,,,false,,,5.0,39a2dfa8,Indian Premier League,26.0,,male
1216508,2020/21,2021,2020-09-23,abudhabi_zayed,Abu Dhabi,mi,kkr,Mumbai Indians,Kolkata Knight Riders,kkr,field,mi,Mumbai Indians,,,false,,49.0,,740742ef,Indian Premier League,5.0,,male
1216509,2020/21,2021,2020-10-17,sharjah,Sharjah,csk,dc,Chennai Super Kings,Delhi Capitals,csk,bat,dc,Delhi Capitals,,,false,,,5.0,0a476045,Indian Premier League,34.0,,male
1216510,2020/21,2021,2020-09-24,dubai_intl,Dubai,pbks,rcb,Kings XI Punjab,Royal Challengers Bangalore,rcb,field,pbks,Kings XI Punjab,,,false,,97.0,,b17e2f24,Indian Premier League,6.0,,male
1216511,2020/21,2021,2020-10-06,abudhabi_zayed,Abu Dhabi,mi,rr,Mumbai Indians,Rajasthan Royals,mi,bat,mi,Mumbai Indians,,,false,,57.0,,271f83cd,Indian Premier League,20.0,,male
1216512,2020/21,2021,2020-10-18,abudhabi_zayed,Abu Dhabi,kkr,srh,Kolkata Knight Riders,Sunrisers Hyderabad,srh,field,,,tie,,true,kkr,,,2f9d0389,Indian Premier League,35.0,,male
1216513,2020/21,2021,2020-10-04,dubai_intl,Dubai,pbks,csk,Kings XI Punjab,Chennai Super Kings,pbks,bat,csk,Chennai Super Kings,,,false,,,10.0,4329fbb5,Indian Premier League,18.0,,male
1216514,2020/21,2021,2020-10-03,abudhabi_zayed,Abu Dhabi,rr,rcb,Rajasthan Royals,Royal Challengers Bangalore,rr,bat,rcb,Royal Challengers Bangalore,,,false,,,8.0,57ee1fde,Indian Premier League,15.0,,male
1216515,2020/21,2021,2020-10-03,sharjah,Sharjah,dc,kkr,Delhi Capitals,Kolkata Knight Riders,kkr,field,dc,Delhi Capitals,,,false,,18.0,,85ec8e33,Indian Premier League,16.0,,male
1216516,2020/21,2021,2020-10-02,dubai_intl,Dubai,srh,csk,Sunrisers Hyderabad,Chennai Super Kings,srh,bat,srh,Sunrisers Hyderabad,,,false,,7.0,,bb965e9a,Indian Premier League,14.0,,male
1216517,2020/21,2021,2020-10-18,dubai_intl,Dubai,mi,pbks,Mumbai Indians,Kings XI Punjab,mi,bat,,,tie,,true,pbks,,,b17e2f24,Indian Premier League,36.0,,male
1216518,2020/21,2021,2020-10-22,dubai_intl,Dubai,rr,srh,Rajasthan Royals,Sunrisers Hyderabad,srh,field,srh,Sunrisers Hyderabad,,,false,,,8.0,93b4fc78,Indian Premier League,40.0,,male
1216519,2020/21,2021,2020-10-05,dubai_intl,Dubai,dc,rcb,Delhi Capitals,Royal Challengers Bangalore,rcb,field,dc,Delhi Capitals,,,false,,59.0,,2e171977,Indian Premier League,19.0,,male
1216520,2020/21,2021,2020-10-26,sharjah,Sharjah,kkr,pbks,Kolkata Knight Riders,Kings XI Punjab,pbks,field,pbks,Kings XI Punjab,,,false,,,8.0,db584dad,Indian Premier League,46.0,,male
1216521,2020/21,2021,2020-10-23,sharjah,Sharjah,csk,mi,Chennai Super Kings,Mumbai Indians,mi,field,mi,Mumbai Indians,,,false,,,10.0,a818c1be,Indian Premier League,41.0,,male
1216522,2020/21,2021,2020-10-17,dubai_intl,Dubai,rr,rcb,Rajasthan Royals,Royal Challengers Bangalore,rr,bat,rcb,Royal Challengers Bangalore,,,false,,,7.0,c4487b84,Indian Premier League,33.0,,male
1216523,2020/21,2021,2020-10-10,abudhabi_zayed,Abu Dhabi,kkr,pbks,Kolkata Knight Riders,Kings XI Punjab,kkr,bat,kkr,Kolkata Knight Riders,,,false,,2.0,,c03f1114,Indian Premier League,24.0,,male
1216524,2020/21,2021,2020-10-27,dubai_intl,Dubai,srh,dc,Sunrisers Hyderabad,Delhi Capitals,dc,field,srh,Sunrisers Hyderabad,,,false,,88.0,,fe11caa6,Indian Premier League,47.0,,male
1216525,2020/21,2021,2020-10-10,dubai_intl,Dubai,rcb,csk,Royal Challengers Bangalore,Chennai Super Kings,rcb,bat,rcb,Royal Challengers Bangalore,,,false,,37.0,,ba607b88,Indian Premier League,25.0,,male
1216526,2020/21,2021,2020-10-16,abudhabi_zayed,Abu Dhabi,kkr,mi,Kolkata Knight Riders,Mumbai Indians,kkr,bat,mi,Mumbai Indians,,,false,,,8.0,372455c4,Indian Premier League,32.0,,male
1216527,2020/21,2021,2020-09-27,sharjah,Sharjah,pbks,rr,Kings XI Punjab,Rajasthan Royals,rr,field,rr,Rajasthan Royals,,,false,,,4.0,a4cc73aa,Indian Premier League,9.0,,male
1216528,2020/21,2021,2020-10-13,dubai_intl,Dubai,csk,srh,Chennai Super Kings,Sunrisers Hyderabad,csk,bat,csk,Chennai Super Kings,,,false,,20.0,,fe93fd9d,Indian Premier League,29.0,,male
1216529,2020/21,2021,2020-10-11,abudhabi_zayed,Abu Dhabi,dc,mi,Delhi Capitals,Mumbai Indians,dc,bat,mi,Mumbai Indians,,,false,,,5.0,372455c4,Indian Premier League,27.0,,male
1216530,2020/21,2021,2020-11-01,dubai_intl,Dubai,kkr,rr,Kolkata Knight Riders,Rajasthan Royals,rr,field,kkr,Kolkata Knight Riders,,,false,,60.0,,ded9240e,Indian Premier League,54.0,,male
1216531,2020/21,2021,2020-10-15,sharjah,Sharjah,rcb,pbks,Royal Challengers Bangalore,Kings XI Punjab,rcb,bat,pbks,Kings XI Punjab,,,false,,,8.0,b17e2f24,Indian Premier League,31.0,,male
1216532,2020/21,2021,2020-09-29,abudhabi_zayed,Abu Dhabi,srh,dc,Sunrisers Hyderabad,Delhi Capitals,dc,field,srh,Sunrisers Hyderabad,,,false,,15.0,,5f547c8b,Indian Premier League,11.0,,male
1216533,2020/21,2021,2020-10-19,abudhabi_zayed,Abu Dhabi,csk,rr,Chennai Super Kings,Rajasthan Royals,csk,bat,rr,Rajasthan Royals,,,false,,,7.0,99b75528,Indian Premier League,37.0,,male
1216534,2020/21,2021,2020-09-21,dubai_intl,Dubai,rcb,srh,Royal Challengers Bangalore,Sunrisers Hyderabad,srh,field,rcb,Royal Challengers Bangalore,,,false,,10.0,,57ee1fde,Indian Premier League,3.0,,male
1216535,2020/21,2021,2020-10-31,dubai_intl,Dubai,dc,mi,Delhi Capitals,Mumbai Indians,mi,field,mi,Mumbai Indians,,,false,,,9.0,752f7486,Indian Premier League,51.0,,male
1216536,2020/21,2021,2020-10-29,dubai_intl,Dubai,kkr,csk,Kolkata Knight Riders,Chennai Super Kings,csk,field,csk,Chennai Super Kings,,,false,,,6.0,45a43fe2,Indian Premier League,49.0,,male
1216537,2020/21,2021,2020-10-30,abudhabi_zayed,Abu Dhabi,pbks,rr,Kings XI Punjab,Rajasthan Royals,rr,field,rr,Rajasthan Royals,,,false,,,7.0,e087956b,Indian Premier League,50.0,,male
1216538,2020/21,2021,2020-10-04,sharjah,Sharjah,mi,srh,Mumbai Indians,Sunrisers Hyderabad,mi,bat,mi,Mumbai Indians,,,false,,34.0,,a818c1be,Indian Premier League,17.0,,male
1216539,2020/21,2021,2020-09-25,dubai_intl,Dubai,dc,csk,Delhi Capitals,Chennai Super Kings,csk,field,dc,Delhi Capitals,,,false,,44.0,,8b3e9c7c,Indian Premier League,7.0,,male
1216540,2020/21,2021,2020-10-12,sharjah,Sharjah,rcb,kkr,Royal Challengers Bangalore,Kolkata Knight Riders,rcb,bat,rcb,Royal Challengers Bangalore,,,false,,82.0,,c4487b84,Indian Premier League,28.0,,male
1216541,2020/21,2021,2020-10-25,abudhabi_zayed,Abu Dhabi,mi,rr,Mumbai Indians,Rajasthan Royals,mi,bat,rr,Rajasthan Royals,,,false,,,8.0,e087956b,Indian Premier League,45.0,,male
1216542,2020/21,2021,2020-10-08,dubai_intl,Dubai,srh,pbks,Sunrisers Hyderabad,Kings XI Punjab,srh,bat,srh,Sunrisers Hyderabad,,,false,,69.0,,abb83e27,Indian Premier League,22.0,,male
1216543,2020/21,2021,2020-10-14,dubai_intl,Dubai,dc,rr,Delhi Capitals,Rajasthan Royals,dc,bat,dc,Delhi Capitals,,,false,,13.0,,acdc62f5,Indian Premier League,30.0,,male
1216544,2020/21,2021,2020-10-25,dubai_intl,Dubai,rcb,csk,Royal Challengers Bangalore,Chennai Super Kings,rcb,bat,csk,Chennai Super Kings,,,false,,,8.0,45a43fe2,Indian Premier League,44.0,,male
1216545,2020/21,2021,2020-09-26,abudhabi_zayed,Abu Dhabi,srh,kkr,Sunrisers Hyderabad,Kolkata Knight Riders,srh,bat,kkr,Kolkata Knight Riders,,,false,,,7.0,b4b99816,Indian Premier League,8.0,,male
1216546,2020/21,2021,2020-10-20,dubai_intl,Dubai,dc,pbks,Delhi Capitals,Kings XI Punjab,dc,bat,pbks,Kings XI Punjab,,,false,,,5.0,0a476045,Indian Premier League,38.0,,male
1216547,2020/21,2021,2020-09-28,dubai_intl,Dubai,rcb,mi,Royal Challengers Bangalore,Mumbai Indians,mi,field,,,tie,,true,rcb,,,c4487b84,Indian Premier League,10.0,,male
1237177,2020/21,2021,2020-11-05,dubai_intl,Dubai,mi,dc,Mumbai Indians,Delhi Capitals,dc,field,mi,Mumbai Indians,,,false,,57.0,,462411b3,Indian Premier League,,Qualifier 1,male
1237178,2020/21,2021,2020-11-06,abudhabi_zayed,Abu Dhabi,rcb,srh,Royal Challengers Bangalore,Sunrisers Hyderabad,srh,field,srh,Sunrisers Hyderabad,,,false,,,6.0,d027ba9f,Indian Premier League,,Eliminator,male
1237180,2020/21,2021,2020-11-08,abudhabi_zayed,Abu Dhabi,dc,srh,Delhi Capitals,Sunrisers Hyderabad,dc,bat,dc,Delhi Capitals,,,false,,17.0,,d9273ee7,Indian Premier League,,Qualifier 2,male
1237181,2020/21,2021,2020-11-10,dubai_intl,Dubai,dc,mi,Delhi Capitals,Mumbai Indians,dc,bat,mi,Mumbai Indians,,,false,,,5.0,a818c1be,Indian Premier League,,Final,male
1254058,2021,2021,2021-04-09,chennai_chepauk,Chennai,mi,rcb,Mumbai Indians,Royal Challengers Bangalore,rcb,field,rcb,Royal Challengers Bangalore,,,false,,,2.0,f986ca1a,Indian Premier League,1.0,,male
1254059,2021,2021,2021-04-10,mumbai_wankhede,Mumbai,csk,dc,Chennai Super Kings,Delhi Capitals,dc,field,dc,Delhi Capitals,,,false,,,7.0,0a476045,Indian Premier League,2.0,,male
1254060,2021,2021,2021-04-11,chennai_chepauk,Chennai,kkr,srh,Kolkata Knight Riders,Sunrisers Hyderabad,srh,field,kkr,Kolkata Knight Riders,,,false,,10.0,,fb2d1dda,Indian Premier League,3.0,,male
1254061,2021,2021,2021-04-12,mumbai_wankhede,Mumbai,pbks,rr,Punjab Kings,Rajasthan Royals,rr,field,pbks,Punjab Kings,,,false,,4.0,,a4cc73aa,Indian Premier League,4.0,,male
1254062,2021,2021,2021-04-13,chennai_chepauk,Chennai,mi,kkr,Mumbai Indians,Kolkata Knight Riders,kkr,field,mi,Mumbai Indians,,,false,,10.0,,2ed569a0,Indian Premier League,5.0,,male
1254063,2021,2021,2021-04-14,chennai_chepauk,Chennai,rcb,srh,Royal Challengers Bangalore,Sunrisers Hyderabad,srh,field,rcb,Royal Challengers Bangalore,,,false,,6.0,,b681e71e,Indian Premier League,6.0,,male
1254064,2021,2021,2021-04-15,mumbai_wankhede,Mumbai,dc,rr,Delhi Capitals,Rajasthan Royals,rr,field,rr,Rajasthan Royals,,,false,,,3.0,1e66c162,Indian Premier League,7.0,,male
1254065,2021,2021,2021-04-16,mumbai_wankhede,Mumbai,pbks,csk,Punjab Kings,Chennai Super Kings,csk,field,csk,Chennai Super Kings,,,false,,,6.0,23eeb873,Indian Premier League,8.0,,male
1254066,2021,2021,2021-04-17,chennai_chepauk,Chennai,mi,srh,Mumbai Indians,Sunrisers Hyderabad,mi,bat,mi,Mumbai Indians,,,false,,13.0,,a757b0d8,Indian Premier League,9.0,,male
1254067,2021,2021,2021-04-18,chennai_chepauk,Chennai,rcb,kkr,Royal Challengers Bangalore,Kolkata Knight Riders,rcb,bat,rcb,Royal Challengers Bangalore,,,false,,38.0,,c4487b84,Indian Premier League,10.0,,male
1254068,2021,2021,2021-04-18,mumbai_wankhede,Mumbai,pbks,dc,Punjab Kings,Delhi Capitals,dc,field,dc,Delhi Capitals,,,false,,,6.0,0a476045,Indian Premier League,11.0,,male
1254069,2021,2021,2021-04-19,mumbai_wankhede,Mumbai,csk,rr,Chennai Super Kings,Rajasthan Royals,rr,field,csk,Chennai Super Kings,,,false,,45.0,,bb351c23,Indian Premier League,12.0,,male
1254070,2021,2021,2021-04-20,chennai_chepauk,Chennai,mi,dc,Mumbai Indians,Delhi Capitals,mi,bat,dc,Delhi Capitals,,,false,,,6.0,6b19d823,Indian Premier League,13.0,,male
1254071,2021,2021,2021-04-21,chennai_chepauk,Chennai,pbks,srh,Punjab Kings,Sunrisers Hyderabad,pbks,bat,srh,Sunrisers Hyderabad,,,false,,,9.0,abb83e27,Indian Premier League,14.0,,male
1254072,2021,2021,2021-04-21,mumbai_wankhede,Mumbai,csk,kkr,Chennai Super Kings,Kolkata Knight Riders,kkr,field,csk,Chennai Super Kings,,,false,,18.0,,3355b542,Indian Premier League,15.0,,male
1254073,2021,2021,2021-04-22,mumbai_wankhede,Mumbai,rr,rcb,Rajasthan Royals,Royal Challengers Bangalore,rcb,field,rcb,Royal Challengers Bangalore,,,false,,,10.0,2c25d4f5,Indian Premier League,16.0,,male
1254074,2021,2021,2021-04-23,chennai_chepauk,Chennai,mi,pbks,Mumbai Indians,Punjab Kings,pbks,field,pbks,Punjab Kings,,,false,,,9.0,b17e2f24,Indian Premier League,17.0,,male
1254075,2021,2021,2021-04-24,mumbai_wankhede,Mumbai,kkr,rr,Kolkata Knight Riders,Rajasthan Royals,rr,field,rr,Rajasthan Royals,,,false,,,6.0,fb66ce1f,Indian Premier League,18.0,,male
1254076,2021,2021,2021-04-25,mumbai_wankhede,Mumbai,csk,rcb,Chennai Super Kings,Royal Challengers Bangalore,csk,bat,csk,Chennai Super Kings,,,false,,69.0,,fe93fd9d,Indian Premier League,19.0,,male
1254077,2021,2021,2021-04-25,chennai_chepauk,Chennai,dc,srh,Delhi Capitals,Sunrisers Hyderabad,dc,bat,,,tie,,true,dc,,,8b3e9c7c,Indian Premier League,20.0,,male
1254078,2021,2021,2021-04-26,ahmedabad_narendramodi,Ahmedabad,pbks,kkr,Punjab Kings,Kolkata Knight Riders,kkr,field,kkr,Kolkata Knight Riders,,,false,,,5.0,d2a6c0e6,Indian Premier League,21.0,,male
1254079,2021,2021,2021-04-27,ahmedabad_narendramodi,Ahmedabad,rcb,dc,Royal Challengers Bangalore,Delhi Capitals,dc,field,rcb,Royal Challengers Bangalore,,,false,,1.0,,c4487b84,Indian Premier League,22.0,,male
1254080,2021,2021,2021-04-28,delhi_kotla,Delhi,srh,csk,Sunrisers Hyderabad,Chennai Super Kings,srh,bat,csk,Chennai Super Kings,,,false,,,7.0,45a43fe2,Indian Premier League,23.0,,male
1254081,2021,2021,2021-04-29,delhi_kotla,Delhi,rr,mi,Rajasthan Royals,Mumbai Indians,mi,field,mi,Mumbai Indians,,,false,,,7.0,372455c4,Indian Premier League,24.0,,male
1254082,2021,2021,2021-04-29,ahmedabad_narendramodi,Ahmedabad,kkr,dc,Kolkata Knight Riders,Delhi Capitals,dc,field,dc,Delhi Capitals,,,false,,,7.0,8b3e9c7c,Indian Premier League,25.0,,male
1254083,2021,2021,2021-04-30,ahmedabad_narendramodi,Ahmedabad,pbks,rcb,Punjab Kings,Royal Challengers Bangalore,rcb,field,pbks,Punjab Kings,,,false,,34.0,,c05edf8e,Indian Premier League,26.0,,male
1254084,2021,2021,2021-05-01,delhi_kotla,Delhi,csk,mi,Chennai Super Kings,Mumbai Indians,mi,field,mi,Mumbai Indians,,,false,,,4.0,a757b0d8,Indian Premier League,27.0,,male
1254085,2021,2021,2021-05-02,delhi_kotla,Delhi,rr,srh,Rajasthan Royals,Sunrisers Hyderabad,srh,field,rr,Rajasthan Royals,,,false,,55.0,,99b75528,Indian Premier League,28.0,,male
1254086,2021,2021,2021-05-02,ahmedabad_narendramodi,Ahmedabad,pbks,dc,Punjab Kings,Delhi Capitals,dc,field,dc,Delhi Capitals,,,false,,,7.0,00ea847a,Indian Premier League,29.0,,male
1254087,2021,2021,2021-09-20,abudhabi_zayed,Abu Dhabi,rcb,kkr,Royal Challengers Bangalore,Kolkata Knight Riders,rcb,bat,kkr,Kolkata Knight Riders,,,false,,,9.0,5b7ab5a9,Indian Premier League,31.0,,male
1254088,2021,2021,2021-10-08,abudhabi_zayed,Abu Dhabi,mi,srh,Mumbai Indians,Sunrisers Hyderabad,mi,bat,mi,Mumbai Indians,,,false,,42.0,,752f7486,Indian Premier League,55.0,,male
1254089,2021,2021,2021-10-02,abudhabi_zayed,Abu Dhabi,csk,rr,Chennai Super Kings,Rajasthan Royals,rr,field,rr,Rajasthan Royals,,,false,,,7.0,45a43fe2,Indian Premier League,47.0,,male
1254090,2021,2021,2021-10-03,sharjah,Sharjah,rcb,pbks,Royal Challengers Bangalore,Punjab Kings,rcb,bat,rcb,Royal Challengers Bangalore,,,false,,6.0,,b681e71e,Indian Premier League,48.0,,male
1254091,2021,2021,2021-09-30,sharjah,Sharjah,srh,csk,Sunrisers Hyderabad,Chennai Super Kings,csk,field,csk,Chennai Super Kings,,,false,,,6.0,03806cf8,Indian Premier League,44.0,,male
1254092,2021,2021,2021-09-28,sharjah,Sharjah,dc,kkr,Delhi Capitals,Kolkata Knight Riders,kkr,field,kkr,Kolkata Knight Riders,,,false,,,3.0,9d430b40,Indian Premier League,41.0,,male
1254093,2021,2021,2021-10-05,sharjah,Sharjah,rr,mi,Rajasthan Royals,Mumbai Indians,mi,field,mi,Mumbai Indians,,,false,,,8.0,56ab442f,Indian Premier League,51.0,,male
1254094,2021,2021,2021-10-07,dubai_intl,Dubai,csk,pbks,Chennai Super Kings,Punjab Kings,pbks,field,pbks,Punjab Kings,,,false,,,6.0,b17e2f24,Indian Premier League,53.0,,male
1254095,2021,2021,2021-10-06,abudhabi_zayed,Abu Dhabi,srh,rcb,Sunrisers Hyderabad,Royal Challengers Bangalore,rcb,field,srh,Sunrisers Hyderabad,,,false,,4.0,,d027ba9f,Indian Premier League,52.0,,male
1254096,2021,2021,2021-09-23,abudhabi_zayed,Abu Dhabi,mi,kkr,Mumbai Indians,Kolkata Knight Riders,kkr,field,kkr,Kolkata Knight Riders,,,false,,,7.0,9d430b40,Indian Premier League,34.0,,male
1254097,2021,2021,2021-09-25,abudhabi_zayed,Abu Dhabi,dc,rr,Delhi Capitals,Rajasthan Royals,rr,field,dc,Delhi Capitals,,,false,,33.0,,85ec8e33,Indian Premier League,36.0,,male
1254098,2021,2021,2021-09-26,abudhabi_zayed,Abu Dhabi,kkr,csk,Kolkata Knight Riders,Chennai Super Kings,kkr,bat,csk,Chennai Super Kings,,,false,,,2.0,fe93fd9d,Indian Premier League,38.0,,male
1254099,2021,2021,2021-09-28,abudhabi_zayed,Abu Dhabi,pbks,mi,Punjab Kings,Mumbai Indians,mi,field,mi,Mumbai Indians,,,false,,,6.0,a757b0d8,Indian Premier League,42.0,,male
1254100,2021,2021,2021-09-27,dubai_intl,Dubai,rr,srh,Rajasthan Royals,Sunrisers Hyderabad,rr,bat,srh,Sunrisers Hyderabad,,,false,,,7.0,d1c36f5c,Indian Premier League,40.0,,male
1254101,2021,2021,2021-10-08,dubai_intl,Dubai,dc,rcb,Delhi Capitals,Royal Challengers Bangalore,rcb,field,rcb,Royal Challengers Bangalore,,,false,,,7.0,44a89551,Indian Premier League,56.0,,male
1254102,2021,2021,2021-10-01,dubai_intl,Dubai,kkr,pbks,Kolkata Knight Riders,Punjab Kings,pbks,field,pbks,Punjab Kings,,,false,,,5.0,b17e2f24,Indian Premier League,45.0,,male
1254103,2021,2021,2021-09-29,dubai_intl,Dubai,rr,rcb,Rajasthan Royals,Royal Challengers Bangalore,rcb,field,rcb,Royal Challengers Bangalore,,,false,,,7.0,57ee1fde,Indian Premier League,43.0,,male
1254104,2021,2021,2021-09-19,dubai_intl,Dubai,csk,mi,Chennai Super Kings,Mumbai Indians,csk,bat,csk,Chennai Super Kings,,,false,,20.0,,45a43fe2,Indian Premier League,30.0,,male
1254105,2021,2021,2021-09-22,dubai_intl,Dubai,srh,dc,Sunrisers Hyderabad,Delhi Capitals,srh,bat,dc,Delhi Capitals,,,false,,,8.0,acdc62f5,Indian Premier League,33.0,,male
1254106,2021,2021,2021-10-07,sharjah,Sharjah,kkr,rr,Kolkata Knight Riders,Rajasthan Royals,rr,field,kkr,Kolkata Knight Riders,,,false,,86.0,,c38d3503,Indian Premier League,54.0,,male
1254107,2021,2021,2021-09-25,sharjah,Sharjah,pbks,srh,Punjab Kings,Sunrisers Hyderabad,srh,field,pbks,Punjab Kings,,,false,,5.0,,0f721006,Indian Premier League,37.0,,male
1254108,2021,2021,2021-09-26,dubai_intl,Dubai,rcb,mi,Royal Challengers Bangalore,Mumbai Indians,mi,field,rcb,Royal Challengers Bangalore,,,false,,54.0,,b681e71e,Indian Premier League,39.0,,male
1254109,2021,2021,2021-10-03,dubai_intl,Dubai,srh,kkr,Sunrisers Hyderabad,Kolkata Knight Riders,srh,bat,kkr,Kolkata Knight Riders,,,false,,,6.0,b4b99816,Indian Premier League,49.0,,male
1254110,2021,2021,2021-10-04,dubai_intl,Dubai,csk,dc,Chennai Super Kings,Delhi Capitals,dc,field,dc,Delhi Capitals,,,false,,,3.0,2e171977,Indian Premier League,50.0,,male
1254111,2021,2021,2021-09-21,dubai_intl,Dubai,rr,pbks,Rajasthan Royals,Punjab Kings,pbks,field,rr,Rajasthan Royals,,,false,,2.0,,5d2eea49,Indian Premier League,32.0,,male
1254112,2021,2021,2021-10-02,sharjah,Sharjah,mi,dc,Mumbai Indians,Delhi Capitals,dc,field,dc,Delhi Capitals,,,false,,,4.0,2e171977,Indian Premier League,46.0,,male
1254113,2021,2021,2021-09-24,sharjah,Sharjah,rcb,csk,Royal Challengers Bangalore,Chennai Super Kings,csk,field,csk,Chennai Super Kings,,,false,,,6.0,87e562a9,Indian Premier League,35.0,,male
1254114,2021,2021,2021-10-10,dubai_intl,Dubai,dc,csk,Delhi Capitals,Chennai Super Kings,csk,field,csk,Chennai Super Kings,,,false,,,4.0,45a43fe2,Indian Premier League,,Qualifier 1,male
1254115,2021,2021,2021-10-11,sharjah,Sharjah,rcb,kkr,Royal Challengers Bangalore,Kolkata Knight Riders,rcb,bat,kkr,Kolkata Knight Riders,,,false,,,4.0,9d430b40,Indian Premier League,,Eliminator,male
1254116,2021,2021,2021-10-13,sharjah,Sharjah,dc,kkr,Delhi Capitals,Kolkata Knight Riders,kkr,field,kkr,Kolkata Knight Riders,,,false,,,3.0,a24be938,Indian Premier League,,Qualifier 2,male
1254117,2021,2021,2021-10-15,dubai_intl,Dubai,csk,kkr,Chennai Super Kings,Kolkata Knight Riders,kkr,field,csk,Chennai Super Kings,,,false,,27.0,,3355b542,Indian Premier League,,Final,male
1304047,2022,2022,2022-03-26,mumbai_wankhede,Mumbai,csk,kkr,Chennai Super Kings,Kolkata Knight Riders,kkr,field,kkr,Kolkata Knight Riders,,,false,,,6.0,cc1e8c68,Indian Premier League,1.0,,male
1304048,2022,2022,2022-03-27,mumbai_brabourne,Mumbai,mi,dc,Mumbai Indians,Delhi Capitals,dc,field,dc,Delhi Capitals,,,false,,,4.0,8d2c70ad,Indian Premier League,2.0,,male
1304049,2022,2022,2022-03-27,navimumbai_dypatil,Navi Mumbai,rcb,pbks,Royal Challengers Bangalore,Punjab Kings,pbks,field,pbks,Punjab Kings,,,false,,,5.0,23cca426,Indian Premier League,3.0,,male
1304050,2022,2022,2022-03-28,mumbai_wankhede,Mumbai,lsg,gt,Lucknow Super Giants,Gujarat Titans,gt,field,gt,Gujarat Titans,,,false,,,5.0,8cf9814c,Indian Premier League,4.0,,male
1304051,2022,2022,2022-03-29,pune_mca,Pune,rr,srh,Rajasthan Royals,Sunrisers Hyderabad,srh,field,rr,Rajasthan Royals,,,false,,61.0,,a4cc73aa,Indian Premier League,5.0,,male
1304052,2022,2022,2022-03-30,navimumbai_dypatil,Navi Mumbai,kkr,rcb,Kolkata Knight Riders,Royal Challengers Bangalore,rcb,field,rcb,Royal Challengers Bangalore,,,false,,,3.0,a97c8ec2,Indian Premier League,6.0,,male
1304053,2022,2022,2022-03-31,mumbai_brabourne,Mumbai,csk,lsg,Chennai Super Kings,Lucknow Super Giants,lsg,field,lsg,Lucknow Super Giants,,,false,,,6.0,0ebfb1ad,Indian Premier League,7.0,,male
1304054,2022,2022,2022-04-01,mumbai_wankhede,Mumbai,pbks,kkr,Punjab Kings,Kolkata Knight Riders,kkr,field,kkr,Kolkata Knight Riders,,,false,,,6.0,cc1e8c68,Indian Premier League,8.0,,male
1304055,2022,2022,2022-04-02,navimumbai_dypatil,Navi Mumbai,rr,mi,Rajasthan Royals,Mumbai Indians,mi,field,rr,Rajasthan Royals,,,false,,23.0,,99b75528,Indian Premier League,9.0,,male
1304056,2022,2022,2022-04-02,pune_mca,Pune,gt,dc,Gujarat Titans,Delhi Capitals,dc,field,gt,Gujarat Titans,,,false,,14.0,,2f9d0389,Indian Premier League,10.0,,male
1304057,2022,2022,2022-04-03,mumbai_brabourne,Mumbai,pbks,csk,Punjab Kings,Chennai Super Kings,csk,field,pbks,Punjab Kings,,,false,,54.0,,50c6bc2b,Indian Premier League,11.0,,male
1304058,2022,2022,2022-04-04,navimumbai_dypatil,Navi Mumbai,lsg,srh,Lucknow Super Giants,Sunrisers Hyderabad,srh,field,lsg,Lucknow Super Giants,,,false,,12.0,,eef2536f,Indian Premier League,12.0,,male
1304059,2022,2022,2022-04-05,mumbai_wankhede,Mumbai,rr,rcb,Rajasthan Royals,Royal Challengers Bangalore,rcb,field,rcb,Royal Challengers Bangalore,,,false,,,4.0,c03f1114,Indian Premier League,13.0,,male
1304060,2022,2022,2022-04-06,pune_mca,Pune,mi,kkr,Mumbai Indians,Kolkata Knight Riders,kkr,field,kkr,Kolkata Knight Riders,,,false,,,5.0,ded9240e,Indian Premier League,14.0,,male
1304061,2022,2022,2022-04-07,navimumbai_dypatil,Navi Mumbai,dc,lsg,Delhi Capitals,Lucknow Super Giants,lsg,field,lsg,Lucknow Super Giants,,,false,,,6.0,372455c4,Indian Premier League,15.0,,male
1304062,2022,2022,2022-04-08,mumbai_brabourne,Mumbai,pbks,gt,Punjab Kings,Gujarat Titans,gt,field,gt,Gujarat Titans,,,false,,,6.0,b4b99816,Indian Premier League,16.0,,male
1304063,2022,2022,2022-04-09,navimumbai_dypatil,Navi Mumbai,csk,srh,Chennai Super Kings,Sunrisers Hyderabad,srh,field,srh,Sunrisers Hyderabad,,,false,,,8.0,f29185a1,Indian Premier League,17.0,,male
1304064,2022,2022,2022-04-09,pune_mca,Pune,mi,rcb,Mumbai Indians,Royal Challengers Bangalore,rcb,field,rcb,Royal Challengers Bangalore,,,false,,,7.0,c8f5f961,Indian Premier League,18.0,,male
1304065,2022,2022,2022-04-10,mumbai_brabourne,Mumbai,dc,kkr,Delhi Capitals,Kolkata Knight Riders,kkr,field,dc,Delhi Capitals,,,false,,44.0,,8d2c70ad,Indian Premier League,19.0,,male
1304066,2022,2022,2022-04-10,mumbai_wankhede,Mumbai,rr,lsg,Rajasthan Royals,Lucknow Super Giants,lsg,field,rr,Rajasthan Royals,,,false,,3.0,,57ee1fde,Indian Premier League,20.0,,male
1304067,2022,2022,2022-04-11,navimumbai_dypatil,Navi Mumbai,gt,srh,Gujarat Titans,Sunrisers Hyderabad,srh,field,srh,Sunrisers Hyderabad,,,false,,,8.0,d027ba9f,Indian Premier League,21.0,,male
1304068,2022,2022,2022-04-12,navimumbai_dypatil,Navi Mumbai,csk,rcb,Chennai Super Kings,Royal Challengers Bangalore,rcb,field,csk,Chennai Super Kings,,,false,,23.0,,a4e37e47,Indian Premier League,22.0,,male
1304069,2022,2022,2022-04-13,pune_mca,Pune,pbks,mi,Punjab Kings,Mumbai Indians,mi,field,pbks,Punjab Kings,,,false,,12.0,,00ea847a,Indian Premier League,23.0,,male
1304070,2022,2022,2022-04-14,navimumbai_dypatil,Navi Mumbai,gt,rr,Gujarat Titans,Rajasthan Royals,rr,field,gt,Gujarat Titans,,,false,,37.0,,dbe50b21,Indian Premier League,24.0,,male
1304071,2022,2022,2022-04-15,mumbai_brabourne,Mumbai,kkr,srh,Kolkata Knight Riders,Sunrisers Hyderabad,srh,field,srh,Sunrisers Hyderabad,,,false,,,7.0,77255a9e,Indian Premier League,25.0,,male
1304072,2022,2022,2022-04-16,mumbai_brabourne,Mumbai,lsg,mi,Lucknow Super Giants,Mumbai Indians,mi,field,lsg,Lucknow Super Giants,,,false,,18.0,,b17e2f24,Indian Premier League,26.0,,male
1304073,2022,2022,2022-04-16,mumbai_wankhede,Mumbai,rcb,dc,Royal Challengers Bangalore,Delhi Capitals,dc,field,rcb,Royal Challengers Bangalore,,,false,,16.0,,c03f1114,Indian Premier League,27.0,,male
1304074,2022,2022,2022-04-17,navimumbai_dypatil,Navi Mumbai,pbks,srh,Punjab Kings,Sunrisers Hyderabad,srh,field,srh,Sunrisers Hyderabad,,,false,,,7.0,81c08fa3,Indian Premier League,28.0,,male
1304075,2022,2022,2022-04-17,pune_mca,Pune,csk,gt,Chennai Super Kings,Gujarat Titans,gt,field,gt,Gujarat Titans,,,false,,,3.0,d67d5f00,Indian Premier League,29.0,,male
1304076,2022,2022,2022-04-18,mumbai_brabourne,Mumbai,rr,kkr,Rajasthan Royals,Kolkata Knight Riders,kkr,field,rr,Rajasthan Royals,,,false,,7.0,,57ee1fde,Indian Premier League,30.0,,male
1304077,2022,2022,2022-04-19,navimumbai_dypatil,Navi Mumbai,rcb,lsg,Royal Challengers Bangalore,Lucknow Super Giants,lsg,field,rcb,Royal Challengers Bangalore,,,false,,18.0,,3355b542,Indian Premier League,31.0,,male
1304078,2022,2022,2022-04-20,mumbai_brabourne,Mumbai,pbks,dc,Punjab Kings,Delhi Capitals,dc,field,dc,Delhi Capitals,,,false,,,9.0,8d2c70ad,Indian Premier League,32.0,,male
1304079,2022,2022,2022-04-21,navimumbai_dypatil,Navi Mumbai,mi,csk,Mumbai Indians,Chennai Super Kings,csk,field,csk,Chennai Super Kings,,,false,,,3.0,765a4731,Indian Premier League,33.0,,male
1304080,2022,2022,2022-04-22,mumbai_wankhede,Mumbai,rr,dc,Rajasthan Royals,Delhi Capitals,dc,field,rr,Rajasthan Royals,,,false,,15.0,,99b75528,Indian Premier League,34.0,,male
1304081,2022,2022,2022-04-23,navimumbai_dypatil,Navi Mumbai,gt,kkr,Gujarat Titans,Kolkata Knight Riders,gt,bat,gt,Gujarat Titans,,,false,,8.0,,5f547c8b,Indian Premier League,35.0,,male
1304082,2022,2022,2022-04-23,mumbai_brabourne,Mumbai,rcb,srh,Royal Challengers Bangalore,Sunrisers Hyderabad,srh,field,srh,Sunrisers Hyderabad,,,false,,,9.0,81c36ee9,Indian Premier League,36.0,,male
1304083,2022,2022,2022-04-24,mumbai_wankhede,Mumbai,lsg,mi,Lucknow Super Giants,Mumbai Indians,mi,field,lsg,Lucknow Super Giants,,,false,,36.0,,b17e2f24,Indian Premier League,37.0,,male
1304084,2022,2022,2022-04-25,mumbai_wankhede,Mumbai,pbks,csk,Punjab Kings,Chennai Super Kings,csk,field,pbks,Punjab Kings,,,false,,11.0,,0a476045,Indian Premier League,38.0,,male
1304085,2022,2022,2022-04-26,pune_mca,Pune,rr,rcb,Rajasthan Royals,Royal Challengers Bangalore,rcb,field,rr,Rajasthan Royals,,,false,,29.0,,04a418e8,Indian Premier League,39.0,,male
1304086,2022,2022,2022-04-27,mumbai_wankhede,Mumbai,srh,gt,Sunrisers Hyderabad,Gujarat Titans,gt,field,gt,Gujarat Titans,,,false,,,5.0,81c08fa3,Indian Premier League,40.0,,male
1304087,2022,2022,2022-04-28,mumbai_wankhede,Mumbai,kkr,dc,Kolkata Knight Riders,Delhi Capitals,dc,field,dc,Delhi Capitals,,,false,,,4.0,8d2c70ad,Indian Premier League,41.0,,male
1304088,2022,2022,2022-04-29,pune_mca,Pune,lsg,pbks,Lucknow Super Giants,Punjab Kings,pbks,field,lsg,Lucknow Super Giants,,,false,,20.0,,5b8c830e,Indian Premier League,42.0,,male
1304089,2022,2022,2022-04-30,mumbai_brabourne,Mumbai,rcb,gt,Royal Challengers Bangalore,Gujarat Titans,rcb,bat,gt,Gujarat Titans,,,false,,,6.0,39a2dfa8,Indian Premier League,43.0,,male
1304090,2022,2022,2022-04-30,navimumbai_dypatil,Navi Mumbai,rr,mi,Rajasthan Royals,Mumbai Indians,mi,field,mi,Mumbai Indians,,,false,,,5.0,271f83cd,Indian Premier League,44.0,,male
1304091,2022,2022,2022-05-01,mumbai_wankhede,Mumbai,lsg,dc,Lucknow Super Giants,Delhi Capitals,lsg,bat,lsg,Lucknow Super Giants,,,false,,6.0,,c33d8116,Indian Premier League,45.0,,male
1304092,2022,2022,2022-05-01,pune_mca,Pune,csk,srh,Chennai Super Kings,Sunrisers Hyderabad,srh,field,csk,Chennai Super Kings,,,false,,13.0,,45a43fe2,Indian Premier League,46.0,,male
1304093,2022,2022,2022-05-02,mumbai_wankhede,Mumbai,rr,kkr,Rajasthan Royals,Kolkata Knight Riders,kkr,field,kkr,Kolkata Knight Riders,,,false,,,7.0,0a509d6b,Indian Premier League,47.0,,male
1304094,2022,2022,2022-05-03,navimumbai_dypatil,Navi Mumbai,gt,pbks,Gujarat Titans,Punjab Kings,gt,bat,pbks,Punjab Kings,,,false,,,8.0,e62dd25d,Indian Premier League,48.0,,male
1304095,2022,2022,2022-05-04,pune_mca,Pune,rcb,csk,Royal Challengers Bangalore,Chennai Super Kings,csk,field,rcb,Royal Challengers Bangalore,,,false,,13.0,,f986ca1a,Indian Premier League,49.0,,male
1304096,2022,2022,2022-05-05,mumbai_brabourne,Mumbai,dc,srh,Delhi Capitals,Sunrisers Hyderabad,srh,field,dc,Delhi Capitals,,,false,,21.0,,dcce6f09,Indian Premier League,50.0,,male
1304097,2022,2022,2022-05-06,mumbai_brabourne,Mumbai,mi,gt,Mumbai Indians,Gujarat Titans,gt,field,mi,Mumbai Indians,,,false,,5.0,,f1f99156,Indian Premier League,51.0,,male
1304098,2022,2022,2022-05-07,mumbai_wankhede,Mumbai,pbks,rr,Punjab Kings,Rajasthan Royals,pbks,bat,rr,Rajasthan Royals,,,false,,,6.0,6c19c6e5,Indian Premier League,52.0,,male
1304099,2022,2022,2022-05-07,pune_mca,Pune,lsg,kkr,Lucknow Super Giants,Kolkata Knight Riders,kkr,field,lsg,Lucknow Super Giants,,,false,,75.0,,eef2536f,Indian Premier League,53.0,,male
1304100,2022,2022,2022-05-08,mumbai_wankhede,Mumbai,rcb,srh,Royal Challengers Bangalore,Sunrisers Hyderabad,rcb,bat,rcb,Royal Challengers Bangalore,,,false,,67.0,,a97c8ec2,Indian Premier League,54.0,,male
1304101,2022,2022,2022-05-08,navimumbai_dypatil,Navi Mumbai,csk,dc,Chennai Super Kings,Delhi Capitals,dc,field,csk,Chennai Super Kings,,,false,,91.0,,df5a6881,Indian Premier League,55.0,,male
1304102,2022,2022,2022-05-09,navimumbai_dypatil,Navi Mumbai,kkr,mi,Kolkata Knight Riders,Mumbai Indians,mi,field,kkr,Kolkata Knight Riders,,,false,,52.0,,462411b3,Indian Premier League,56.0,,male
1304103,2022,2022,2022-05-10,pune_mca,Pune,gt,lsg,Gujarat Titans,Lucknow Super Giants,gt,bat,gt,Gujarat Titans,,,false,,62.0,,b4b99816,Indian Premier League,57.0,,male
1304104,2022,2022,2022-05-11,navimumbai_dypatil,Navi Mumbai,rr,dc,Rajasthan Royals,Delhi Capitals,dc,field,dc,Delhi Capitals,,,false,,,8.0,3d8feaf8,Indian Premier League,58.0,,male
1304105,2022,2022,2022-05-12,mumbai_wankhede,Mumbai,csk,mi,Chennai Super Kings,Mumbai Indians,mi,field,mi,Mumbai Indians,,,false,,,5.0,caf69bf7,Indian Premier League,59.0,,male
1304106,2022,2022,2022-05-13,mumbai_brabourne,Mumbai,pbks,rcb,Punjab Kings,Royal Challengers Bangalore,rcb,field,pbks,Punjab Kings,,,false,,54.0,,abb83e27,Indian Premier League,60.0,,male
1304107,2022,2022,2022-05-14,pune_mca,Pune,kkr,srh,Kolkata Knight Riders,Sunrisers Hyderabad,kkr,bat,kkr,Kolkata Knight Riders,,,false,,54.0,,bbd41817,Indian Premier League,61.0,,male
1304108,2022,2022,2022-05-15,mumbai_wankhede,Mumbai,csk,gt,Chennai Super Kings,Gujarat Titans,csk,bat,gt,Gujarat Titans,,,false,,,7.0,fe11caa6,Indian Premier League,62.0,,male
1304109,2022,2022,2022-05-15,mumbai_brabourne,Mumbai,rr,lsg,Rajasthan Royals,Lucknow Super Giants,rr,bat,rr,Rajasthan Royals,,,false,,24.0,,a818c1be,Indian Premier League,63.0,,male
1304110,2022,2022,2022-05-16,navimumbai_dypatil,Navi Mumbai,dc,pbks,Delhi Capitals,Punjab Kings,pbks,field,dc,Delhi Capitals,,,false,,17.0,,1abb78f8,Indian Premier League,64.0,,male
1304111,2022,2022,2022-05-17,mumbai_wankhede,Mumbai,srh,mi,Sunrisers Hyderabad,Mumbai Indians,mi,field,srh,Sunrisers Hyderabad,,,false,,3.0,,77255a9e,Indian Premier League,65.0,,male
1304112,2022,2022,2022-05-18,navimumbai_dypatil,Navi Mumbai,lsg,kkr,Lucknow Super Giants,Kolkata Knight Riders,lsg,bat,lsg,Lucknow Super Giants,,,false,,2.0,,372455c4,Indian Premier League,66.0,,male
1304113,2022,2022,2022-05-19,mumbai_wankhede,Mumbai,gt,rcb,Gujarat Titans,Royal Challengers Bangalore,gt,bat,rcb,Royal Challengers Bangalore,,,false,,,8.0,ba607b88,Indian Premier League,67.0,,male
1304114,2022,2022,2022-05-20,mumbai_brabourne,Mumbai,csk,rr,Chennai Super Kings,Rajasthan Royals,csk,bat,rr,Rajasthan Royals,,,false,,,5.0,495d42a5,Indian Premier League,68.0,,male
1304115,2022,2022,2022-05-21,mumbai_wankhede,Mumbai,dc,mi,Delhi Capitals,Mumbai Indians,mi,field,mi,Mumbai Indians,,,false,,,5.0,462411b3,Indian Premier League,69.0,,male
1304116,2022,2022,2022-05-22,mumbai_wankhede,Mumbai,srh,pbks,Sunrisers Hyderabad,Punjab Kings,srh,bat,pbks,Punjab Kings,,,false,,,5.0,c05edf8e,Indian Premier League,70.0,,male
1312197,2022,2022,2022-05-24,kolkata_eden,Kolkata,rr,gt,Rajasthan Royals,Gujarat Titans,gt,field,gt,Gujarat Titans,,,false,,,7.0,d67d5f00,Indian Premier League,,Qualifier 1,male
1312198,2022,2022,2022-05-25,kolkata_eden,Kolkata,rcb,lsg,Royal Challengers Bangalore,Lucknow Super Giants,lsg,field,rcb,Royal Challengers Bangalore,,,false,,14.0,,c740ea83,Indian Premier League,,Eliminator,male
1312199,2022,2022,2022-05-27,ahmedabad_narendramodi,Ahmedabad,rcb,rr,Royal Challengers Bangalore,Rajasthan Royals,rr,field,rr,Rajasthan Royals,,,false,,,7.0,99b75528,Indian Premier League,,Qualifier 2,male
1312200,2022,2022,2022-05-29,ahmedabad_narendramodi,Ahmedabad,rr,gt,Rajasthan Royals,Gujarat Titans,rr,bat,gt,Gujarat Titans,,,false,,,7.0,dbe50b21,Indian Premier League,,Final,male
1359475,2023,2023,2023-03-31,ahmedabad_narendramodi,Ahmedabad,csk,gt,Chennai Super Kings,Gujarat Titans,gt,field,gt,Gujarat Titans,,,false,,,5.0,5f547c8b,Indian Premier League,1.0,,male
1359476,2023,2023,2023-04-01,mohali_pca,Mohali,pbks,kkr,Punjab Kings,Kolkata Knight Riders,kkr,field,pbks,Punjab Kings,,D/L,false,,7.0,,244048f6,Indian Premier League,2.0,,male
1359477,2023,2023,2023-04-01,lucknow_ekana,Lucknow,lsg,dc,Lucknow Super Giants,Delhi Capitals,dc,field,lsg,Lucknow Super Giants,,,false,,50.0,,8d92a2c3,Indian Premier League,3.0,,male
1359478,2023,2023,2023-04-02,hyderabad_rajivgandhi,Hyderabad,rr,srh,Rajasthan Royals,Sunrisers Hyderabad,srh,field,rr,Rajasthan Royals,,,false,,72.0,,99b75528,Indian Premier League,4.0,,male
1359479,2023,2023,2023-04-02,bengaluru_chinnaswamy,Bengaluru,mi,rcb,Mumbai Indians,Royal Challengers Bangalore,rcb,field,rcb,Royal Challengers Bangalore,,,false,,,8.0,3355b542,Indian Premier League,5.0,,male
1359480,2023,2023,2023-04-03,chennai_chepauk,Chennai,csk,lsg,Chennai Super Kings,Lucknow Super Giants,lsg,field,csk,Chennai Super Kings,,,false,,12.0,,bb351c23,Indian Premier League,6.0,,male
1359481,2023,2023,2023-04-04,delhi_kotla,Delhi,dc,gt,Delhi Capitals,Gujarat Titans,gt,field,gt,Gujarat Titans,,,false,,,6.0,d5130a30,Indian Premier League,7.0,,male
1359482,2023,2023,2023-04-05,guwahati_barsapara,Guwahati,pbks,rr,Punjab Kings,Rajasthan Royals,rr,field,pbks,Punjab Kings,,,false,,5.0,,9eb1455b,Indian Premier League,8.0,,male
1359483,2023,2023,2023-04-06,kolkata_eden,Kolkata,kkr,rcb,Kolkata Knight Riders,Royal Challengers Bangalore,rcb,field,kkr,Kolkata Knight Riders,,,false,,81.0,,1abb78f8,Indian Premier League,9.0,,male
1359484,2023,2023,2023-04-07,lucknow_ekana,Lucknow,srh,lsg,Sunrisers Hyderabad,Lucknow Super Giants,srh,bat,lsg,Lucknow Super Giants,,,false,,,5.0,5b8c830e,Indian Premier League,10.0,,male
1359485,2023,2023,2023-04-08,guwahati_barsapara,Guwahati,rr,dc,Rajasthan Royals,Delhi Capitals,dc,field,rr,Rajasthan Royals,,,false,,57.0,,6c19c6e5,Indian Premier League,11.0,,male
1359486,2023,2023,2023-04-08,mumbai_wankhede,Mumbai,mi,csk,Mumbai Indians,Chennai Super Kings,csk,field,csk,Chennai Super Kings,,,false,,,7.0,fe93fd9d,Indian Premier League,12.0,,male
1359487,2023,2023,2023-04-09,ahmedabad_narendramodi,Ahmedabad,gt,kkr,Gujarat Titans,Kolkata Knight Riders,gt,bat,kkr,Kolkata Knight Riders,,,false,,,3.0,0a509d6b,Indian Premier League,13.0,,male
1359488,2023,2023,2023-04-09,hyderabad_rajivgandhi,Hyderabad,pbks,srh,Punjab Kings,Sunrisers Hyderabad,srh,field,srh,Sunrisers Hyderabad,,,false,,,8.0,0a476045,Indian Premier League,14.0,,male
1359489,2023,2023,2023-04-10,bengaluru_chinnaswamy,Bengaluru,rcb,lsg,Royal Challengers Bangalore,Lucknow Super Giants,lsg,field,lsg,Lucknow Super Giants,,,false,,,1.0,3241e3fd,Indian Premier League,15.0,,male
1359490,2023,2023,2023-04-11,delhi_kotla,Delhi,dc,mi,Delhi Capitals,Mumbai Indians,mi,field,mi,Mumbai Indians,,,false,,,6.0,740742ef,Indian Premier League,16.0,,male
1359491,2023,2023,2023-04-12,chennai_chepauk,Chennai,rr,csk,Rajasthan Royals,Chennai Super Kings,csk,field,rr,Rajasthan Royals,,,false,,3.0,,495d42a5,Indian Premier League,17.0,,male
1359492,2023,2023,2023-04-13,mohali_pca,Mohali,pbks,gt,Punjab Kings,Gujarat Titans,gt,field,gt,Gujarat Titans,,,false,,,6.0,759ac88f,Indian Premier League,18.0,,male
1359493,2023,2023,2023-04-14,kolkata_eden,Kolkata,srh,kkr,Sunrisers Hyderabad,Kolkata Knight Riders,kkr,field,srh,Sunrisers Hyderabad,,,false,,23.0,,4ae1755b,Indian Premier League,19.0,,male
1359494,2023,2023,2023-04-15,bengaluru_chinnaswamy,Bengaluru,rcb,dc,Royal Challengers Bangalore,Delhi Capitals,dc,field,rcb,Royal Challengers Bangalore,,,false,,23.0,,ba607b88,Indian Premier League,20.0,,male
1359495,2023,2023,2023-04-15,lucknow_ekana,Lucknow,lsg,pbks,Lucknow Super Giants,Punjab Kings,pbks,field,pbks,Punjab Kings,,,false,,,2.0,26d041c4,Indian Premier League,21.0,,male
1359496,2023,2023,2023-04-16,mumbai_wankhede,Mumbai,kkr,mi,Kolkata Knight Riders,Mumbai Indians,mi,field,mi,Mumbai Indians,,,false,,,5.0,a24be938,Indian Premier League,22.0,,male
1359497,2023,2023,2023-04-16,ahmedabad_narendramodi,Ahmedabad,gt,rr,Gujarat Titans,Rajasthan Royals,rr,field,rr,Rajasthan Royals,,,false,,,3.0,48a1d7b7,Indian Premier League,23.0,,male
1359498,2023,2023,2023-04-17,bengaluru_chinnaswamy,Bengaluru,csk,rcb,Chennai Super Kings,Royal Challengers Bangalore,rcb,field,csk,Chennai Super Kings,,,false,,8.0,,df5a6881,Indian Premier League,24.0,,male
1359499,2023,2023,2023-04-18,hyderabad_rajivgandhi,Hyderabad,mi,srh,Mumbai Indians,Sunrisers Hyderabad,srh,field,mi,Mumbai Indians,,,false,,14.0,,eaa76d3c,Indian Premier League,25.0,,male
1359500,2023,2023,2023-04-19,jaipur_sawaimansingh,Jaipur,lsg,rr,Lucknow Super Giants,Rajasthan Royals,rr,field,lsg,Lucknow Super Giants,,,false,,10.0,,d9273ee7,Indian Premier League,26.0,,male
1359501,2023,2023,2023-04-20,mohali_pca,Mohali,rcb,pbks,Royal Challengers Bangalore,Punjab Kings,pbks,field,rcb,Royal Challengers Bangalore,,,false,,24.0,,2f49c897,Indian Premier League,27.0,,male
1359502,2023,2023,2023-04-20,delhi_kotla,Delhi,kkr,dc,Kolkata Knight Riders,Delhi Capitals,dc,field,dc,Delhi Capitals,,,false,,,4.0,5bb1a1c4,Indian Premier League,28.0,,male
1359503,2023,2023,2023-04-21,chennai_chepauk,Chennai,srh,csk,Sunrisers Hyderabad,Chennai Super Kings,csk,field,csk,Chennai Super Kings,,,false,,,7.0,fe93fd9d,Indian Premier League,29.0,,male
1359504,2023,2023,2023-04-22,lucknow_ekana,Lucknow,gt,lsg,Gujarat Titans,Lucknow Super Giants,gt,bat,gt,Gujarat Titans,,,false,,7.0,,759ac88f,Indian Premier League,30.0,,male
1359505,2023,2023,2023-04-22,mumbai_wankhede,Mumbai,pbks,mi,Punjab Kings,Mumbai Indians,mi,field,pbks,Punjab Kings,,,false,,13.0,,e94915e6,Indian Premier League,31.0,,male
1359506,2023,2023,2023-04-23,bengaluru_chinnaswamy,Bengaluru,rcb,rr,Royal Challengers Bangalore,Rajasthan Royals,rr,field,rcb,Royal Challengers Bangalore,,,false,,7.0,,b681e71e,Indian Premier League,32.0,,male
1359507,2023,2023,2023-04-23,kolkata_eden,Kolkata,csk,kkr,Chennai Super Kings,Kolkata Knight Riders,kkr,field,csk,Chennai Super Kings,,,false,,49.0,,29e95537,Indian Premier League,33.0,,male
1359508,2023,2023,2023-04-24,hyderabad_rajivgandhi,Hyderabad,dc,srh,Delhi Capitals,Sunrisers Hyderabad,dc,bat,dc,Delhi Capitals,,,false,,7.0,,2e171977,Indian Premier League,34.0,,male
1359509,2023,2023,2023-04-25,ahmedabad_narendramodi,Ahmedabad,gt,mi,Gujarat Titans,Mumbai Indians,mi,field,gt,Gujarat Titans,,,false,,55.0,,0890552f,Indian Premier League,35.0,,male
1359510,2023,2023,2023-04-26,bengaluru_chinnaswamy,Bengaluru,kkr,rcb,Kolkata Knight Riders,Royal Challengers Bangalore,rcb,field,kkr,Kolkata Knight Riders,,,false,,21.0,,5b7ab5a9,Indian Premier League,36.0,,male
1359511,2023,2023,2023-04-27,jaipur_sawaimansingh,Jaipur,rr,csk,Rajasthan Royals,Chennai Super Kings,rr,bat,rr,Rajasthan Royals,,,false,,32.0,,6c19c6e5,Indian Premier League,37.0,,male
1359512,2023,2023,2023-04-28,mohali_pca,Mohali,lsg,pbks,Lucknow Super Giants,Punjab Kings,pbks,field,lsg,Lucknow Super Giants,,,false,,56.0,,d9273ee7,Indian Premier League,38.0,,male
1359513,2023,2023,2023-04-29,kolkata_eden,Kolkata,kkr,gt,Kolkata Knight Riders,Gujarat Titans,gt,field,gt,Gujarat Titans,,,false,,,7.0,9061a703,Indian Premier League,39.0,,male
1359514,2023,2023,2023-04-29,delhi_kotla,Delhi,srh,dc,Sunrisers Hyderabad,Delhi Capitals,srh,bat,srh,Sunrisers Hyderabad,,,false,,9.0,,3d8feaf8,Indian Premier League,40.0,,male
1359515,2023,2023,2023-04-30,chennai_chepauk,Chennai,csk,pbks,Chennai Super Kings,Punjab Kings,csk,bat,pbks,Punjab Kings,,,false,,,4.0,df5a6881,Indian Premier League,41.0,,male
1359516,2023,2023,2023-04-30,mumbai_wankhede,Mumbai,rr,mi,Rajasthan Royals,Mumbai Indians,rr,bat,mi,Mumbai Indians,,,false,,,6.0,6c19c6e5,Indian Premier League,42.0,,male
1359517,2023,2023,2023-05-01,lucknow_ekana,Lucknow,rcb,lsg,Royal Challengers Bangalore,Lucknow Super Giants,rcb,bat,rcb,Royal Challengers Bangalore,,,false,,18.0,,3355b542,Indian Premier League,43.0,,male
1359518,2023,2023,2023-05-02,ahmedabad_narendramodi,Ahmedabad,dc,gt,Delhi Capitals,Gujarat Titans,dc,bat,dc,Delhi Capitals,,,false,,5.0,,8cf9814c,Indian Premier League,44.0,,male
1359519,2023,2023,2023-05-03,lucknow_ekana,Lucknow,lsg,csk,Lucknow Super Giants,Chennai Super Kings,csk,field,,,no result,,false,,,,,Indian Premier League,45.0,,male
1359520,2023,2023,2023-05-03,mohali_pca,Mohali,pbks,mi,Punjab Kings,Mumbai Indians,mi,field,mi,Mumbai Indians,,,false,,,6.0,752f7486,Indian Premier League,46.0,,male
1359521,2023,2023,2023-05-04,hyderabad_rajivgandhi,Hyderabad,kkr,srh,Kolkata Knight Riders,Sunrisers Hyderabad,kkr,bat,kkr,Kolkata Knight Riders,,,false,,5.0,,5b7ab5a9,Indian Premier League,47.0,,male
1359522,2023,2023,2023-05-05,jaipur_sawaimansingh,Jaipur,rr,gt,Rajasthan Royals,Gujarat Titans,rr,bat,gt,Gujarat Titans,,,false,,,9.0,5f547c8b,Indian Premier League,48.0,,male
1359523,2023,2023,2023-05-06,chennai_chepauk,Chennai,mi,csk,Mumbai Indians,Chennai Super Kings,csk,field,csk,Chennai Super Kings,,,false,,,6.0,64839cb3,Indian Premier League,49.0,,male
1359524,2023,2023,2023-05-06,delhi_kotla,Delhi,rcb,dc,Royal Challengers Bangalore,Delhi Capitals,rcb,bat,dc,Delhi Capitals,,,false,,,7.0,3d284ca3,Indian Premier League,50.0,,male
1359525,2023,2023,2023-05-07,ahmedabad_narendramodi,Ahmedabad,gt,lsg,Gujarat Titans,Lucknow Super Giants,lsg,field,gt,Gujarat Titans,,,false,,56.0,,b4b99816,Indian Premier League,51.0,,male
1359526,2023,2023,2023-05-07,jaipur_sawaimansingh,Jaipur,rr,srh,Rajasthan Royals,Sunrisers Hyderabad,rr,bat,srh,Sunrisers Hyderabad,,,false,,,4.0,9a46c4e5,Indian Premier League,52.0,,male
1359527,2023,2023,2023-05-08,kolkata_eden,Kolkata,pbks,kkr,Punjab Kings,Kolkata Knight Riders,pbks,bat,kkr,Kolkata Knight Riders,,,false,,,5.0,bbd41817,Indian Premier League,53.0,,male
1359528,2023,2023,2023-05-09,mumbai_wankhede,Mumbai,rcb,mi,Royal Challengers Bangalore,Mumbai Indians,mi,field,mi,Mumbai Indians,,,false,,,6.0,271f83cd,Indian Premier League,54.0,,male
1359529,2023,2023,2023-05-10,chennai_chepauk,Chennai,csk,dc,Chennai Super Kings,Delhi Capitals,csk,bat,csk,Chennai Super Kings,,,false,,27.0,,fe93fd9d,Indian Premier League,55.0,,male
1359530,2023,2023,2023-05-11,kolkata_eden,Kolkata,kkr,rr,Kolkata Knight Riders,Rajasthan Royals,rr,field,rr,Rajasthan Royals,,,false,,,9.0,6c19c6e5,Indian Premier League,56.0,,male
1359531,2023,2023,2023-05-12,mumbai_wankhede,Mumbai,mi,gt,Mumbai Indians,Gujarat Titans,gt,field,mi,Mumbai Indians,,,false,,27.0,,271f83cd,Indian Premier League,57.0,,male
1359532,2023,2023,2023-05-13,hyderabad_rajivgandhi,Hyderabad,srh,lsg,Sunrisers Hyderabad,Lucknow Super Giants,srh,bat,lsg,Lucknow Super Giants,,,false,,,7.0,663b5e34,Indian Premier League,58.0,,male
1359533,2023,2023,2023-05-13,delhi_kotla,Delhi,pbks,dc,Punjab Kings,Delhi Capitals,dc,field,pbks,Punjab Kings,,,false,,31.0,,9418198b,Indian Premier League,59.0,,male
1359534,2023,2023,2023-05-14,jaipur_sawaimansingh,Jaipur,rcb,rr,Royal Challengers Bangalore,Rajasthan Royals,rcb,bat,rcb,Royal Challengers Bangalore,,,false,,112.0,,3a60e0b5,Indian Premier League,60.0,,male
1359535,2023,2023,2023-05-14,chennai_chepauk,Chennai,csk,kkr,Chennai Super Kings,Kolkata Knight Riders,csk,bat,kkr,Kolkata Knight Riders,,,false,,,6.0,0a509d6b,Indian Premier League,61.0,,male
1359536,2023,2023,2023-05-15,ahmedabad_narendramodi,Ahmedabad,gt,srh,Gujarat Titans,Sunrisers Hyderabad,srh,field,gt,Gujarat Titans,,,false,,34.0,,b4b99816,Indian Premier League,62.0,,male
1359537,2023,2023,2023-05-16,lucknow_ekana,Lucknow,lsg,mi,Lucknow Super Giants,Mumbai Indians,mi,field,lsg,Lucknow Super Giants,,,false,,5.0,,d9273ee7,Indian Premier League,63.0,,male
1359538,2023,2023,2023-05-17,dharamsala_hpca,Dharamsala,dc,pbks,Delhi Capitals,Punjab Kings,pbks,field,dc,Delhi Capitals,,,false,,15.0,,cad00a4d,Indian Premier League,64.0,,male
1359539,2023,2023,2023-05-18,hyderabad_rajivgandhi,Hyderabad,srh,rcb,Sunrisers Hyderabad,Royal Challengers Bangalore,rcb,field,rcb,Royal Challengers Bangalore,,,false,,,8.0,ba607b88,Indian Premier League,65.0,,male
1359540,2023,2023,2023-05-19,dharamsala_hpca,Dharamsala,pbks,rr,Punjab Kings,Rajasthan Royals,rr,field,rr,Rajasthan Royals,,,false,,,4.0,2c25d4f5,Indian Premier League,66.0,,male
1359541,2023,2023,2023-05-20,delhi_kotla,Delhi,csk,dc,Chennai Super Kings,Delhi Capitals,csk,bat,csk,Chennai Super Kings,,,false,,77.0,,45a43fe2,Indian Premier League,67.0,,male
1359542,2023,2023,2023-05-20,kolkata_eden,Kolkata,lsg,kkr,Lucknow Super Giants,Kolkata Knight Riders,kkr,field,lsg,Lucknow Super Giants,,,false,,1.0,,3241e3fd,Indian Premier League,68.0,,male
1359543,2023,2023,2023-05-21,mumbai_wankhede,Mumbai,srh,mi,Sunrisers Hyderabad,Mumbai Indians,mi,field,mi,Mumbai Indians,,,false,,,8.0,eaa76d3c,Indian Premier League,69.0,,male
1359544,2023,2023,2023-05-21,bengaluru_chinnaswamy,Bengaluru,rcb,gt,Royal Challengers Bangalore,Gujarat Titans,gt,field,gt,Gujarat Titans,,,false,,,6.0,b4b99816,Indian Premier League,70.0,,male
1370350,2023,2023,2023-05-23,chennai_chepauk,Chennai,csk,gt,Chennai Super Kings,Gujarat Titans,gt,field,csk,Chennai Super Kings,,,false,,15.0,,45a43fe2,Indian Premier League,,Qualifier 1,male
1370351,2023,2023,2023-05-24,chennai_chepauk,Chennai,mi,lsg,Mumbai Indians,Lucknow Super Giants,mi,bat,mi,Mumbai Indians,,,false,,81.0,,4bd09374,Indian Premier League,,Eliminator,male
1370352,2023,2023,2023-05-26,ahmedabad_narendramodi,Ahmedabad,gt,mi,Gujarat Titans,Mumbai Indians,mi,field,gt,Gujarat Titans,,,false,,62.0,,b4b99816,Indian Premier League,,Qualifier 2,male
1370353,2023,2023,2023-05-29,ahmedabad_narendramodi,Ahmedabad,gt,csk,Gujarat Titans,Chennai Super Kings,csk,field,csk,Chennai Super Kings,,D/L,false,,,5.0,df5a6881,Indian Premier League,,Final,male
1422119,2024,2024,2024-03-22,chennai_chepauk,Chennai,rcb,csk,Royal Challengers Bengaluru,Chennai Super Kings,rcb,bat,csk,Chennai Super Kings,,,false,,,6.0,0a8fce53,Indian Premier League,1.0,,male
1422120,2024,2024,2024-03-23,mullanpur_maharaja,New Chandigarh,dc,pbks,Delhi Capitals,Punjab Kings,pbks,field,pbks,Punjab Kings,,,false,,,4.0,e94915e6,Indian Premier League,2.0,,male
1422121,2024,2024,2024-03-23,kolkata_eden,Kolkata,kkr,srh,Kolkata Knight Riders,Sunrisers Hyderabad,srh,field,kkr,Kolkata Knight Riders,,,false,,4.0,,bbd41817,Indian Premier League,3.0,,male
1422122,2024,2024,2024-03-24,jaipur_sawaimansingh,Jaipur,rr,lsg,Rajasthan Royals,Lucknow Super Giants,rr,bat,rr,Rajasthan Royals,,,false,,20.0,,a4cc73aa,Indian Premier League,4.0,,male
1422123,2024,2024,2024-03-24,ahmedabad_narendramodi,Ahmedabad,gt,mi,Gujarat Titans,Mumbai Indians,mi,field,gt,Gujarat Titans,,,false,,6.0,,d5130a30,Indian Premier League,5.0,,male
1422124,2024,2024,2024-03-25,bengaluru_chinnaswamy,Bengaluru,pbks,rcb,Punjab Kings,Royal Challengers Bengaluru,rcb,field,rcb,Royal Challengers Bengaluru,,,false,,,4.0,ba607b88,Indian Premier League,6.0,,male
1422125,2024,2024,2024-03-26,chennai_chepauk,Chennai,csk,gt,Chennai Super Kings,Gujarat Titans,gt,field,csk,Chennai Super Kings,,,false,,63.0,,a4e37e47,Indian Premier League,7.0,,male
1422126,2024,2024,2024-03-27,hyderabad_rajivgandhi,Hyderabad,srh,mi,Sunrisers Hyderabad,Mumbai Indians,mi,field,srh,Sunrisers Hyderabad,,,false,,31.0,,f29185a1,Indian Premier League,8.0,,male
1422127,2024,2024,2024-03-28,jaipur_sawaimansingh,Jaipur,rr,dc,Rajasthan Royals,Delhi Capitals,dc,field,rr,Rajasthan Royals,,,false,,12.0,,04a418e8,Indian Premier League,9.0,,male
1422128,2024,2024,2024-03-29,bengaluru_chinnaswamy,Bengaluru,rcb,kkr,Royal Challengers Bengaluru,Kolkata Knight Riders,kkr,field,kkr,Kolkata Knight Riders,,,false,,,7.0,9d430b40,Indian Premier League,10.0,,male
1422129,2024,2024,2024-03-30,lucknow_ekana,Lucknow,lsg,pbks,Lucknow Super Giants,Punjab Kings,lsg,bat,lsg,Lucknow Super Giants,,,false,,21.0,,b1ad996b,Indian Premier League,11.0,,male
1422130,2024,2024,2024-03-31,ahmedabad_narendramodi,Ahmedabad,srh,gt,Sunrisers Hyderabad,Gujarat Titans,srh,bat,gt,Gujarat Titans,,,false,,,7.0,759ac88f,Indian Premier League,12.0,,male
1422131,2024,2024,2024-03-31,vizag_acavdca,Visakhapatnam,dc,csk,Delhi Capitals,Chennai Super Kings,dc,bat,dc,Delhi Capitals,,,false,,20.0,,a2f46292,Indian Premier League,13.0,,male
1422132,2024,2024,2024-04-01,mumbai_wankhede,Mumbai,mi,rr,Mumbai Indians,Rajasthan Royals,rr,field,rr,Rajasthan Royals,,,false,,,6.0,a818c1be,Indian Premier League,14.0,,male
1422133,2024,2024,2024-04-02,bengaluru_chinnaswamy,Bengaluru,lsg,rcb,Lucknow Super Giants,Royal Challengers Bengaluru,rcb,field,lsg,Lucknow Super Giants,,,false,,28.0,,b1ad996b,Indian Premier League,15.0,,male
1422134,2024,2024,2024-04-03,vizag_acavdca,Visakhapatnam,kkr,dc,Kolkata Knight Riders,Delhi Capitals,kkr,bat,kkr,Kolkata Knight Riders,,,false,,106.0,,9d430b40,Indian Premier League,16.0,,male
1422135,2024,2024,2024-04-04,ahmedabad_narendramodi,Ahmedabad,gt,pbks,Gujarat Titans,Punjab Kings,pbks,field,pbks,Punjab Kings,,,false,,,3.0,26989d80,Indian Premier League,17.0,,male
1422136,2024,2024,2024-04-05,hyderabad_rajivgandhi,Hyderabad,csk,srh,Chennai Super Kings,Sunrisers Hyderabad,srh,field,srh,Sunrisers Hyderabad,,,false,,,6.0,f29185a1,Indian Premier League,18.0,,male
1422137,2024,2024,2024-04-06,jaipur_sawaimansingh,Jaipur,rcb,rr,Royal Challengers Bengaluru,Rajasthan Royals,rr,field,rr,Rajasthan Royals,,,false,,,6.0,99b75528,Indian Premier League,19.0,,male
1422138,2024,2024,2024-04-07,mumbai_wankhede,Mumbai,mi,dc,Mumbai Indians,Delhi Capitals,dc,field,mi,Mumbai Indians,,,false,,29.0,,c5aef772,Indian Premier League,20.0,,male
1422139,2024,2024,2024-04-07,lucknow_ekana,Lucknow,lsg,gt,Lucknow Super Giants,Gujarat Titans,lsg,bat,lsg,Lucknow Super Giants,,,false,,33.0,,4b31f3a3,Indian Premier League,21.0,,male
1426260,2024,2024,2024-04-08,chennai_chepauk,Chennai,kkr,csk,Kolkata Knight Riders,Chennai Super Kings,csk,field,csk,Chennai Super Kings,,,false,,,7.0,fe93fd9d,Indian Premier League,22.0,,male
1426261,2024,2024,2024-04-09,mullanpur_maharaja,New Chandigarh,srh,pbks,Sunrisers Hyderabad,Punjab Kings,pbks,field,srh,Sunrisers Hyderabad,,,false,,2.0,,aad0c365,Indian Premier League,23.0,,male
1426262,2024,2024,2024-04-10,jaipur_sawaimansingh,Jaipur,rr,gt,Rajasthan Royals,Gujarat Titans,gt,field,gt,Gujarat Titans,,,false,,,3.0,5f547c8b,Indian Premier League,24.0,,male
1426263,2024,2024,2024-04-11,mumbai_wankhede,Mumbai,rcb,mi,Royal Challengers Bengaluru,Mumbai Indians,mi,field,mi,Mumbai Indians,,,false,,,7.0,462411b3,Indian Premier League,25.0,,male
1426264,2024,2024,2024-04-12,lucknow_ekana,Lucknow,lsg,dc,Lucknow Super Giants,Delhi Capitals,lsg,bat,dc,Delhi Capitals,,,false,,,6.0,8d2c70ad,Indian Premier League,26.0,,male
1426265,2024,2024,2024-04-13,mullanpur_maharaja,New Chandigarh,pbks,rr,Punjab Kings,Rajasthan Royals,rr,field,rr,Rajasthan Royals,,,false,,,3.0,48a1d7b7,Indian Premier League,27.0,,male
1426266,2024,2024,2024-04-14,kolkata_eden,Kolkata,lsg,kkr,Lucknow Super Giants,Kolkata Knight Riders,kkr,field,kkr,Kolkata Knight Riders,,,false,,,8.0,3d284ca3,Indian Premier League,28.0,,male
1426267,2024,2024,2024-04-14,mumbai_wankhede,Mumbai,csk,mi,Chennai Super Kings,Mumbai Indians,mi,field,csk,Chennai Super Kings,,,false,,20.0,,64839cb3,Indian Premier League,29.0,,male
1426268,2024,2024,2024-04-15,bengaluru_chinnaswamy,Bengaluru,srh,rcb,Sunrisers Hyderabad,Royal Challengers Bengaluru,rcb,field,srh,Sunrisers Hyderabad,,,false,,25.0,,12b610c2,Indian Premier League,30.0,,male
1426269,2024,2024,2024-04-16,kolkata_eden,Kolkata,kkr,rr,Kolkata Knight Riders,Rajasthan Royals,rr,field,rr,Rajasthan Royals,,,false,,,2.0,99b75528,Indian Premier League,31.0,,male
1426270,2024,2024,2024-04-17,ahmedabad_narendramodi,Ahmedabad,gt,dc,Gujarat Titans,Delhi Capitals,dc,field,dc,Delhi Capitals,,,false,,,6.0,919a3be2,Indian Premier League,32.0,,male
1426271,2024,2024,2024-04-18,mullanpur_maharaja,New Chandigarh,mi,pbks,Mumbai Indians,Punjab Kings,pbks,field,mi,Mumbai Indians,,,false,,9.0,,462411b3,Indian Premier League,33.0,,male
1426272,2024,2024,2024-04-19,lucknow_ekana,Lucknow,csk,lsg,Chennai Super Kings,Lucknow Super Giants,lsg,field,lsg,Lucknow Super Giants,,,false,,,8.0,b17e2f24,Indian Premier League,34.0,,male
1426273,2024,2024,2024-04-20,delhi_kotla,Delhi,srh,dc,Sunrisers Hyderabad,Delhi Capitals,dc,field,srh,Sunrisers Hyderabad,,,false,,67.0,,12b610c2,Indian Premier League,35.0,,male
1426274,2024,2024,2024-04-21,kolkata_eden,Kolkata,kkr,rcb,Kolkata Knight Riders,Royal Challengers Bengaluru,rcb,field,kkr,Kolkata Knight Riders,,,false,,1.0,,bbd41817,Indian Premier League,36.0,,male
1426275,2024,2024,2024-04-21,mullanpur_maharaja,New Chandigarh,pbks,gt,Punjab Kings,Gujarat Titans,pbks,bat,gt,Gujarat Titans,,,false,,,3.0,c7a995d3,Indian Premier League,37.0,,male
1426276,2024,2024,2024-04-22,jaipur_sawaimansingh,Jaipur,mi,rr,Mumbai Indians,Rajasthan Royals,mi,bat,rr,Rajasthan Royals,,,false,,,9.0,ce820073,Indian Premier League,38.0,,male
1426277,2024,2024,2024-04-23,chennai_chepauk,Chennai,csk,lsg,Chennai Super Kings,Lucknow Super Giants,lsg,field,lsg,Lucknow Super Giants,,,false,,,6.0,d9273ee7,Indian Premier League,39.0,,male
1426278,2024,2024,2024-04-24,delhi_kotla,Delhi,dc,gt,Delhi Capitals,Gujarat Titans,gt,field,dc,Delhi Capitals,,,false,,4.0,,919a3be2,Indian Premier League,40.0,,male
1426279,2024,2024,2024-04-25,hyderabad_rajivgandhi,Hyderabad,rcb,srh,Royal Challengers Bengaluru,Sunrisers Hyderabad,rcb,bat,rcb,Royal Challengers Bengaluru,,,false,,35.0,,c740ea83,Indian Premier League,41.0,,male
1426280,2024,2024,2024-04-26,kolkata_eden,Kolkata,kkr,pbks,Kolkata Knight Riders,Punjab Kings,pbks,field,pbks,Punjab Kings,,,false,,,8.0,abb83e27,Indian Premier League,42.0,,male
1426281,2024,2024,2024-04-27,delhi_kotla,Delhi,dc,mi,Delhi Capitals,Mumbai Indians,mi,field,dc,Delhi Capitals,,,false,,10.0,,9b6e1b3f,Indian Premier League,43.0,,male
1426282,2024,2024,2024-04-27,lucknow_ekana,Lucknow,lsg,rr,Lucknow Super Giants,Rajasthan Royals,rr,field,rr,Rajasthan Royals,,,false,,,7.0,a4cc73aa,Indian Premier League,44.0,,male
1426283,2024,2024,2024-04-28,ahmedabad_narendramodi,Ahmedabad,gt,rcb,Gujarat Titans,Royal Challengers Bengaluru,rcb,field,rcb,Royal Challengers Bengaluru,,,false,,,9.0,9caf69a1,Indian Premier League,45.0,,male
1426284,2024,2024,2024-04-28,chennai_chepauk,Chennai,csk,srh,Chennai Super Kings,Sunrisers Hyderabad,srh,field,csk,Chennai Super Kings,,,false,,78.0,,45a43fe2,Indian Premier League,46.0,,male
1426285,2024,2024,2024-04-29,kolkata_eden,Kolkata,dc,kkr,Delhi Capitals,Kolkata Knight Riders,dc,bat,kkr,Kolkata Knight Riders,,,false,,,7.0,5b7ab5a9,Indian Premier League,47.0,,male
1426286,2024,2024,2024-04-30,lucknow_ekana,Lucknow,mi,lsg,Mumbai Indians,Lucknow Super Giants,lsg,field,lsg,Lucknow Super Giants,,,false,,,4.0,d9273ee7,Indian Premier League,48.0,,male
1426287,2024,2024,2024-05-01,chennai_chepauk,Chennai,csk,pbks,Chennai Super Kings,Punjab Kings,pbks,field,pbks,Punjab Kings,,,false,,,7.0,c05edf8e,Indian Premier League,49.0,,male
1426288,2024,2024,2024-05-02,hyderabad_rajivgandhi,Hyderabad,srh,rr,Sunrisers Hyderabad,Rajasthan Royals,srh,bat,srh,Sunrisers Hyderabad,,,false,,1.0,,2e81a32d,Indian Premier League,50.0,,male
1426289,2024,2024,2024-05-03,mumbai_wankhede,Mumbai,kkr,mi,Kolkata Knight Riders,Mumbai Indians,mi,field,kkr,Kolkata Knight Riders,,,false,,24.0,,a24be938,Indian Premier League,51.0,,male
1426290,2024,2024,2024-05-04,bengaluru_chinnaswamy,Bengaluru,gt,rcb,Gujarat Titans,Royal Challengers Bengaluru,rcb,field,rcb,Royal Challengers Bengaluru,,,false,,,4.0,2f49c897,Indian Premier League,52.0,,male
1426291,2024,2024,2024-05-05,dharamsala_hpca,Dharamsala,csk,pbks,Chennai Super Kings,Punjab Kings,pbks,field,csk,Chennai Super Kings,,,false,,28.0,,fe93fd9d,Indian Premier League,53.0,,male
1426292,2024,2024,2024-05-05,lucknow_ekana,Lucknow,kkr,lsg,Kolkata Knight Riders,Lucknow Super Giants,lsg,field,kkr,Kolkata Knight Riders,,,false,,98.0,,9d430b40,Indian Premier League,54.0,,male
1426293,2024,2024,2024-05-06,mumbai_wankhede,Mumbai,srh,mi,Sunrisers Hyderabad,Mumbai Indians,mi,field,mi,Mumbai Indians,,,false,,,7.0,271f83cd,Indian Premier League,55.0,,male
1426294,2024,2024,2024-05-07,delhi_kotla,Delhi,dc,rr,Delhi Capitals,Rajasthan Royals,rr,field,dc,Delhi Capitals,,,false,,20.0,,8d2c70ad,Indian Premier League,56.0,,male
1426295,2024,2024,2024-05-08,hyderabad_rajivgandhi,Hyderabad,lsg,srh,Lucknow Super Giants,Sunrisers Hyderabad,lsg,bat,srh,Sunrisers Hyderabad,,,false,,,10.0,12b610c2,Indian Premier League,57.0,,male
1426296,2024,2024,2024-05-09,dharamsala_hpca,Dharamsala,rcb,pbks,Royal Challengers Bengaluru,Punjab Kings,pbks,field,rcb,Royal Challengers Bengaluru,,,false,,60.0,,ba607b88,Indian Premier League,58.0,,male
1426297,2024,2024,2024-05-10,ahmedabad_narendramodi,Ahmedabad,gt,csk,Gujarat Titans,Chennai Super Kings,csk,field,gt,Gujarat Titans,,,false,,35.0,,b4b99816,Indian Premier League,59.0,,male
1426298,2024,2024,2024-05-11,kolkata_eden,Kolkata,kkr,mi,Kolkata Knight Riders,Mumbai Indians,mi,field,kkr,Kolkata Knight Riders,,,false,,18.0,,5b7ab5a9,Indian Premier League,60.0,,male
1426299,2024,2024,2024-05-12,chennai_chepauk,Chennai,rr,csk,Rajasthan Royals,Chennai Super Kings,rr,bat,csk,Chennai Super Kings,,,false,,,5.0,30df8c66,Indian Premier League,61.0,,male
1426300,2024,2024,2024-05-12,bengaluru_chinnaswamy,Bengaluru,rcb,dc,Royal Challengers Bengaluru,Delhi Capitals,dc,field,rcb,Royal Challengers Bengaluru,,,false,,47.0,,eaa76d3c,Indian Premier League,62.0,,male
1426302,2024,2024,2024-05-14,delhi_kotla,Delhi,dc,lsg,Delhi Capitals,Lucknow Super Giants,lsg,field,dc,Delhi Capitals,,,false,,19.0,,5bb1a1c4,Indian Premier League,64.0,,male
1426303,2024,2024,2024-05-15,guwahati_barsapara,Guwahati,rr,pbks,Rajasthan Royals,Punjab Kings,rr,bat,pbks,Punjab Kings,,,false,,,5.0,e94915e6,Indian Premier League,65.0,,male
1426305,2024,2024,2024-05-17,mumbai_wankhede,Mumbai,lsg,mi,Lucknow Super Giants,Mumbai Indians,mi,field,lsg,Lucknow Super Giants,,,false,,18.0,,3241e3fd,Indian Premier League,67.0,,male
1426306,2024,2024,2024-05-18,bengaluru_chinnaswamy,Bengaluru,rcb,csk,Royal Challengers Bengaluru,Chennai Super Kings,csk,field,rcb,Royal Challengers Bengaluru,,,false,,27.0,,3355b542,Indian Premier League,68.0,,male
1426307,2024,2024,2024-05-19,hyderabad_rajivgandhi,Hyderabad,pbks,srh,Punjab Kings,Sunrisers Hyderabad,pbks,bat,srh,Sunrisers Hyderabad,,,false,,,4.0,f29185a1,Indian Premier League,69.0,,male
1426309,2024,2024,2024-05-21,ahmedabad_narendramodi,Ahmedabad,srh,kkr,Sunrisers Hyderabad,Kolkata Knight Riders,srh,bat,kkr,Kolkata Knight Riders,,,false,,,8.0,3fb19989,Indian Premier League,,Qualifier 1,male
1426310,2024,2024,2024-05-22,ahmedabad_narendramodi,Ahmedabad,rcb,rr,Royal Challengers Bengaluru,Rajasthan Royals,rr,field,rr,Rajasthan Royals,,,false,,,4.0,495d42a5,Indian Premier League,,Eliminator,male
1426311,2024,2024,2024-05-24,chennai_chepauk,Chennai,srh,rr,Sunrisers Hyderabad,Rajasthan Royals,rr,field,srh,Sunrisers Hyderabad,,,false,,36.0,,f9e6e7ef,Indian Premier League,,Qualifier 2,male
1426312,2024,2024,2024-05-26,chennai_chepauk,Chennai,srh,kkr,Sunrisers Hyderabad,Kolkata Knight Riders,srh,bat,kkr,Kolkata Knight Riders,,,false,,,8.0,3fb19989,Indian Premier League,,Final,male
1473438,2025,2025,2025-03-22,kolkata_eden,Kolkata,kkr,rcb,Kolkata Knight Riders,Royal Challengers Bengaluru,rcb,field,rcb,Royal Challengers Bengaluru,,,false,,,7.0,5b8c830e,Indian Premier League,1.0,,male
1473439,2025,2025,2025-03-23,hyderabad_rajivgandhi,Hyderabad,srh,rr,Sunrisers Hyderabad,Rajasthan Royals,rr,field,srh,Sunrisers Hyderabad,,,false,,44.0,,752f7486,Indian Premier League,2.0,,male
1473440,2025,2025,2025-03-23,chennai_chepauk,Chennai,mi,csk,Mumbai Indians,Chennai Super Kings,csk,field,csk,Chennai Super Kings,,,false,,,4.0,efc04be7,Indian Premier League,3.0,,male
1473441,2025,2025,2025-03-24,vizag_acavdca,Visakhapatnam,lsg,dc,Lucknow Super Giants,Delhi Capitals,dc,field,dc,Delhi Capitals,,,false,,,1.0,84d9c311,Indian Premier League,4.0,,male
1473442,2025,2025,2025-03-25,ahmedabad_narendramodi,Ahmedabad,pbks,gt,Punjab Kings,Gujarat Titans,gt,field,pbks,Punjab Kings,,,false,,11.0,,85ec8e33,Indian Premier League,5.0,,male
1473443,2025,2025,2025-03-26,guwahati_barsapara,Guwahati,rr,kkr,Rajasthan Royals,Kolkata Knight Riders,kkr,field,kkr,Kolkata Knight Riders,,,false,,,8.0,372455c4,Indian Premier League,6.0,,male
1473444,2025,2025,2025-03-27,hyderabad_rajivgandhi,Hyderabad,srh,lsg,Sunrisers Hyderabad,Lucknow Super Giants,lsg,field,lsg,Lucknow Super Giants,,,false,,,5.0,1abb78f8,Indian Premier League,7.0,,male
1473445,2025,2025,2025-03-28,chennai_chepauk,Chennai,rcb,csk,Royal Challengers Bengaluru,Chennai Super Kings,csk,field,rcb,Royal Challengers Bengaluru,,,false,,50.0,,c740ea83,Indian Premier League,8.0,,male
1473446,2025,2025,2025-03-29,ahmedabad_narendramodi,Ahmedabad,gt,mi,Gujarat Titans,Mumbai Indians,mi,field,gt,Gujarat Titans,,,false,,36.0,,85e0cf10,Indian Premier League,9.0,,male
1473447,2025,2025,2025-03-30,vizag_acavdca,Visakhapatnam,srh,dc,Sunrisers Hyderabad,Delhi Capitals,srh,bat,dc,Delhi Capitals,,,false,,,7.0,3fb19989,Indian Premier League,10.0,,male
1473448,2025,2025,2025-03-30,guwahati_barsapara,Guwahati,rr,csk,Rajasthan Royals,Chennai Super Kings,csk,field,rr,Rajasthan Royals,,,false,,6.0,,fb2d1dda,Indian Premier League,11.0,,male
1473449,2025,2025,2025-03-31,mumbai_wankhede,Mumbai,kkr,mi,Kolkata Knight Riders,Mumbai Indians,mi,field,mi,Mumbai Indians,,,false,,,8.0,d45c29b1,Indian Premier League,12.0,,male
1473450,2025,2025,2025-04-01,lucknow_ekana,Lucknow,lsg,pbks,Lucknow Super Giants,Punjab Kings,pbks,field,pbks,Punjab Kings,,,false,,,8.0,9418198b,Indian Premier League,13.0,,male
1473451,2025,2025,2025-04-02,bengaluru_chinnaswamy,Bengaluru,rcb,gt,Royal Challengers Bengaluru,Gujarat Titans,gt,field,gt,Gujarat Titans,,,false,,,8.0,2f49c897,Indian Premier League,14.0,,male
1473452,2025,2025,2025-04-03,kolkata_eden,Kolkata,kkr,srh,Kolkata Knight Riders,Sunrisers Hyderabad,srh,field,kkr,Kolkata Knight Riders,,,false,,80.0,,7c3b3b78,Indian Premier League,15.0,,male
1473453,2025,2025,2025-04-04,lucknow_ekana,Lucknow,lsg,mi,Lucknow Super Giants,Mumbai Indians,mi,field,lsg,Lucknow Super Giants,,,false,,12.0,,13fc5c6d,Indian Premier League,16.0,,male
1473454,2025,2025,2025-04-05,chennai_chepauk,Chennai,dc,csk,Delhi Capitals,Chennai Super Kings,dc,bat,dc,Delhi Capitals,,,false,,25.0,,b17e2f24,Indian Premier League,17.0,,male
1473455,2025,2025,2025-04-05,mullanpur_maharaja,New Chandigarh,rr,pbks,Rajasthan Royals,Punjab Kings,pbks,field,rr,Rajasthan Royals,,,false,,50.0,,5574750c,Indian Premier League,18.0,,male
1473456,2025,2025,2025-04-08,kolkata_eden,Kolkata,lsg,kkr,Lucknow Super Giants,Kolkata Knight Riders,kkr,field,lsg,Lucknow Super Giants,,,false,,4.0,,3241e3fd,Indian Premier League,21.0,,male
1473457,2025,2025,2025-04-06,hyderabad_rajivgandhi,Hyderabad,srh,gt,Sunrisers Hyderabad,Gujarat Titans,gt,field,gt,Gujarat Titans,,,false,,,7.0,2f49c897,Indian Premier League,19.0,,male
1473458,2025,2025,2025-04-07,mumbai_wankhede,Mumbai,rcb,mi,Royal Challengers Bengaluru,Mumbai Indians,mi,field,rcb,Royal Challengers Bengaluru,,,false,,12.0,,c740ea83,Indian Premier League,20.0,,male
1473459,2025,2025,2025-04-08,mullanpur_maharaja,New Chandigarh,pbks,csk,Punjab Kings,Chennai Super Kings,pbks,bat,pbks,Punjab Kings,,,false,,18.0,,b5797845,Indian Premier League,22.0,,male
1473460,2025,2025,2025-04-09,ahmedabad_narendramodi,Ahmedabad,gt,rr,Gujarat Titans,Rajasthan Royals,rr,field,gt,Gujarat Titans,,,false,,58.0,,d5130a30,Indian Premier League,23.0,,male
1473461,2025,2025,2025-04-10,bengaluru_chinnaswamy,Bengaluru,rcb,dc,Royal Challengers Bengaluru,Delhi Capitals,dc,field,dc,Delhi Capitals,,,false,,,6.0,b17e2f24,Indian Premier League,24.0,,male
1473462,2025,2025,2025-04-11,chennai_chepauk,Chennai,csk,kkr,Chennai Super Kings,Kolkata Knight Riders,kkr,field,kkr,Kolkata Knight Riders,,,false,,,8.0,9d430b40,Indian Premier League,25.0,,male
1473463,2025,2025,2025-04-12,lucknow_ekana,Lucknow,gt,lsg,Gujarat Titans,Lucknow Super Giants,lsg,field,lsg,Lucknow Super Giants,,,false,,,6.0,6a26221c,Indian Premier League,26.0,,male
1473464,2025,2025,2025-04-12,hyderabad_rajivgandhi,Hyderabad,pbks,srh,Punjab Kings,Sunrisers Hyderabad,pbks,bat,srh,Sunrisers Hyderabad,,,false,,,8.0,f29185a1,Indian Premier League,27.0,,male
1473465,2025,2025,2025-04-13,jaipur_sawaimansingh,Jaipur,rr,rcb,Rajasthan Royals,Royal Challengers Bengaluru,rcb,field,rcb,Royal Challengers Bengaluru,,,false,,,9.0,3d284ca3,Indian Premier League,28.0,,male
1473466,2025,2025,2025-04-13,delhi_kotla,Delhi,mi,dc,Mumbai Indians,Delhi Capitals,dc,field,mi,Mumbai Indians,,,false,,12.0,,119678fd,Indian Premier League,29.0,,male
1473467,2025,2025,2025-04-14,lucknow_ekana,Lucknow,lsg,csk,Lucknow Super Giants,Chennai Super Kings,csk,field,csk,Chennai Super Kings,,,false,,,5.0,4a8a2e3b,Indian Premier League,30.0,,male
1473468,2025,2025,2025-04-15,mullanpur_maharaja,New Chandigarh,pbks,kkr,Punjab Kings,Kolkata Knight Riders,pbks,bat,pbks,Punjab Kings,,,false,,16.0,,57ee1fde,Indian Premier League,31.0,,male
1473469,2025,2025,2025-04-16,delhi_kotla,Delhi,dc,rr,Delhi Capitals,Rajasthan Royals,rr,field,,,tie,,true,dc,,,3fb19989,Indian Premier League,32.0,,male
1473470,2025,2025,2025-04-17,mumbai_wankhede,Mumbai,srh,mi,Sunrisers Hyderabad,Mumbai Indians,mi,field,mi,Mumbai Indians,,,false,,,4.0,9caf69a1,Indian Premier League,33.0,,male
1473471,2025,2025,2025-04-18,bengaluru_chinnaswamy,Bengaluru,rcb,pbks,Royal Challengers Bengaluru,Punjab Kings,pbks,field,pbks,Punjab Kings,,,false,,,5.0,f1f99156,Indian Premier League,34.0,,male
1473472,2025,2025,2025-04-19,ahmedabad_narendramodi,Ahmedabad,dc,gt,Delhi Capitals,Gujarat Titans,gt,field,gt,Gujarat Titans,,,false,,,7.0,99b75528,Indian Premier League,35.0,,male
1473473,2025,2025,2025-04-19,jaipur_sawaimansingh,Jaipur,lsg,rr,Lucknow Super Giants,Rajasthan Royals,lsg,bat,lsg,Lucknow Super Giants,,,false,,2.0,,eef2536f,Indian Premier League,36.0,,male
1473474,2025,2025,2025-04-20,mullanpur_maharaja,New Chandigarh,pbks,rcb,Punjab Kings,Royal Challengers Bengaluru,rcb,field,rcb,Royal Challengers Bengaluru,,,false,,,7.0,ba607b88,Indian Premier League,37.0,,male
1473475,2025,2025,2025-04-20,mumbai_wankhede,Mumbai,csk,mi,Chennai Super Kings,Mumbai Indians,mi,field,mi,Mumbai Indians,,,false,,,9.0,740742ef,Indian Premier League,38.0,,male
1473476,2025,2025,2025-04-21,kolkata_eden,Kolkata,gt,kkr,Gujarat Titans,Kolkata Knight Riders,kkr,field,gt,Gujarat Titans,,,false,,39.0,,b4b99816,Indian Premier League,39.0,,male
1473477,2025,2025,2025-04-22,lucknow_ekana,Lucknow,lsg,dc,Lucknow Super Giants,Delhi Capitals,dc,field,dc,Delhi Capitals,,,false,,,8.0,2cffab74,Indian Premier League,40.0,,male
1473478,2025,2025,2025-04-23,hyderabad_rajivgandhi,Hyderabad,srh,mi,Sunrisers Hyderabad,Mumbai Indians,mi,field,mi,Mumbai Indians,,,false,,,7.0,a818c1be,Indian Premier League,41.0,,male
1473479,2025,2025,2025-04-24,bengaluru_chinnaswamy,Bengaluru,rcb,rr,Royal Challengers Bengaluru,Rajasthan Royals,rr,field,rcb,Royal Challengers Bengaluru,,,false,,11.0,,03806cf8,Indian Premier League,42.0,,male
1473480,2025,2025,2025-04-25,chennai_chepauk,Chennai,csk,srh,Chennai Super Kings,Sunrisers Hyderabad,srh,field,srh,Sunrisers Hyderabad,,,false,,,5.0,f986ca1a,Indian Premier League,43.0,,male
1473481,2025,2025,2025-04-26,kolkata_eden,Kolkata,pbks,kkr,Punjab Kings,Kolkata Knight Riders,pbks,bat,,,no result,,false,,,,,Indian Premier League,44.0,,male
1473482,2025,2025,2025-04-27,mumbai_wankhede,Mumbai,mi,lsg,Mumbai Indians,Lucknow Super Giants,lsg,field,mi,Mumbai Indians,,,false,,54.0,,9caf69a1,Indian Premier League,45.0,,male
1473483,2025,2025,2025-04-27,delhi_kotla,Delhi,dc,rcb,Delhi Capitals,Royal Challengers Bengaluru,rcb,field,rcb,Royal Challengers Bengaluru,,,false,,,6.0,5b8c830e,Indian Premier League,46.0,,male
1473484,2025,2025,2025-04-28,jaipur_sawaimansingh,Jaipur,gt,rr,Gujarat Titans,Rajasthan Royals,rr,field,rr,Rajasthan Royals,,,false,,,8.0,470f446b,Indian Premier League,47.0,,male
1473485,2025,2025,2025-04-29,delhi_kotla,Delhi,kkr,dc,Kolkata Knight Riders,Delhi Capitals,dc,field,kkr,Kolkata Knight Riders,,,false,,14.0,,9d430b40,Indian Premier League,48.0,,male
1473486,2025,2025,2025-04-30,chennai_chepauk,Chennai,csk,pbks,Chennai Super Kings,Punjab Kings,pbks,field,pbks,Punjab Kings,,,false,,,4.0,85ec8e33,Indian Premier League,49.0,,male
1473487,2025,2025,2025-05-01,jaipur_sawaimansingh,Jaipur,mi,rr,Mumbai Indians,Rajasthan Royals,rr,field,mi,Mumbai Indians,,,false,,100.0,,e66732f8,Indian Premier League,50.0,,male
1473488,2025,2025,2025-05-02,ahmedabad_narendramodi,Ahmedabad,gt,srh,Gujarat Titans,Sunrisers Hyderabad,srh,field,gt,Gujarat Titans,,,false,,38.0,,85e0cf10,Indian Premier League,51.0,,male
1473489,2025,2025,2025-05-03,bengaluru_chinnaswamy,Bengaluru,rcb,csk,Royal Challengers Bengaluru,Chennai Super Kings,csk,field,rcb,Royal Challengers Bengaluru,,,false,,2.0,,c5aef772,Indian Premier League,52.0,,male
1473490,2025,2025,2025-05-04,kolkata_eden,Kolkata,kkr,rr,Kolkata Knight Riders,Rajasthan Royals,kkr,bat,kkr,Kolkata Knight Riders,,,false,,1.0,,bbd41817,Indian Premier League,53.0,,male
1473491,2025,2025,2025-05-04,dharamsala_hpca,Dharamsala,pbks,lsg,Punjab Kings,Lucknow Super Giants,lsg,field,pbks,Punjab Kings,,,false,,37.0,,9418198b,Indian Premier League,54.0,,male
1473492,2025,2025,2025-05-05,hyderabad_rajivgandhi,Hyderabad,dc,srh,Delhi Capitals,Sunrisers Hyderabad,srh,field,,,no result,,false,,,,,Indian Premier League,55.0,,male
1473493,2025,2025,2025-05-06,mumbai_wankhede,Mumbai,mi,gt,Mumbai Indians,Gujarat Titans,gt,field,gt,Gujarat Titans,,D/L,false,,,3.0,b4b99816,Indian Premier League,56.0,,male
1473494,2025,2025,2025-05-07,kolkata_eden,Kolkata,kkr,csk,Kolkata Knight Riders,Chennai Super Kings,kkr,bat,csk,Chennai Super Kings,,,false,,,2.0,efc04be7,Indian Premier League,57.0,,male
1473495,2025,2025,2025-05-08,dharamsala_hpca,Dharamsala,pbks,dc,Punjab Kings,Delhi Capitals,pbks,bat,,,no result,,false,,,,,Indian Premier League,58.0,,male
1473497,2025,2025,2025-05-18,jaipur_sawaimansingh,Jaipur,pbks,rr,Punjab Kings,Rajasthan Royals,pbks,bat,pbks,Punjab Kings,,,false,,10.0,,c05edf8e,Indian Premier League,59.0,,male
1473498,2025,2025,2025-05-18,delhi_kotla,Delhi,dc,gt,Delhi Capitals,Gujarat Titans,gt,field,gt,Gujarat Titans,,,false,,,10.0,d5130a30,Indian Premier League,60.0,,male
1473499,2025,2025,2025-05-19,lucknow_ekana,Lucknow,lsg,srh,Lucknow Super Giants,Sunrisers Hyderabad,srh,field,srh,Sunrisers Hyderabad,,,false,,,6.0,f29185a1,Indian Premier League,61.0,,male
1473500,2025,2025,2025-05-20,delhi_kotla,Delhi,csk,rr,Chennai Super Kings,Rajasthan Royals,rr,field,rr,Rajasthan Royals,,,false,,,6.0,4bd09374,Indian Premier League,62.0,,male
1473501,2025,2025,2025-05-21,mumbai_wankhede,Mumbai,mi,dc,Mumbai Indians,Delhi Capitals,dc,field,mi,Mumbai Indians,,,false,,59.0,,271f83cd,Indian Premier League,63.0,,male
1473502,2025,2025,2025-05-22,ahmedabad_narendramodi,Ahmedabad,lsg,gt,Lucknow Super Giants,Gujarat Titans,gt,field,lsg,Lucknow Super Giants,,,false,,33.0,,3d8feaf8,Indian Premier League,64.0,,male
1473503,2025,2025,2025-05-23,lucknow_ekana,Lucknow,srh,rcb,Sunrisers Hyderabad,Royal Challengers Bengaluru,rcb,field,srh,Sunrisers Hyderabad,,,false,,42.0,,752f7486,Indian Premier League,65.0,,male
1473504,2025,2025,2025-05-25,ahmedabad_narendramodi,Ahmedabad,csk,gt,Chennai Super Kings,Gujarat Titans,csk,bat,csk,Chennai Super Kings,,,false,,83.0,,844e79d1,Indian Premier League,67.0,,male
1473505,2025,2025,2025-05-25,delhi_kotla,Delhi,srh,kkr,Sunrisers Hyderabad,Kolkata Knight Riders,srh,bat,srh,Sunrisers Hyderabad,,,false,,110.0,,235c2bb6,Indian Premier League,68.0,,male
1473506,2025,2025,2025-05-26,jaipur_sawaimansingh,Jaipur,mi,pbks,Mumbai Indians,Punjab Kings,pbks,field,pbks,Punjab Kings,,,false,,,7.0,989889ff,Indian Premier League,69.0,,male
1473507,2025,2025,2025-05-27,lucknow_ekana,Lucknow,lsg,rcb,Lucknow Super Giants,Royal Challengers Bengaluru,rcb,field,rcb,Royal Challengers Bengaluru,,,false,,,6.0,800d2d97,Indian Premier League,70.0,,male
1473508,2025,2025,2025-05-29,mullanpur_maharaja,New Chandigarh,pbks,rcb,Punjab Kings,Royal Challengers Bengaluru,rcb,field,rcb,Royal Challengers Bengaluru,,,false,,,8.0,9440ef41,Indian Premier League,,Qualifier 1,male
1473509,2025,2025,2025-05-30,mullanpur_maharaja,New Chandigarh,mi,gt,Mumbai Indians,Gujarat Titans,mi,bat,mi,Mumbai Indians,,,false,,20.0,,740742ef,Indian Premier League,,Eliminator,male
1473510,2025,2025,2025-06-01,ahmedabad_narendramodi,Ahmedabad,mi,pbks,Mumbai Indians,Punjab Kings,pbks,field,pbks,Punjab Kings,,,false,,,5.0,85ec8e33,Indian Premier League,,Qualifier 2,male
1473511,2025,2025,2025-06-03,ahmedabad_narendramodi,Ahmedabad,rcb,pbks,Royal Challengers Bengaluru,Punjab Kings,pbks,field,rcb,Royal Challengers Bengaluru,,,false,,6.0,,5b8c830e,Indian Premier League,,Final,male
1485779,2025,2025,2025-05-24,jaipur_sawaimansingh,Jaipur,pbks,dc,Punjab Kings,Delhi Capitals,dc,field,dc,Delhi Capitals,,,false,,,6.0,f89d3b11,Indian Premier League,66.0,,male
1527674,2026,2026,2026-03-28,bengaluru_chinnaswamy,Bengaluru,srh,rcb,Sunrisers Hyderabad,Royal Challengers Bengaluru,rcb,field,rcb,Royal Challengers Bengaluru,,,false,,,6.0,dadbdb68,Indian Premier League,1.0,,male
1527675,2026,2026,2026-03-29,mumbai_wankhede,Mumbai,kkr,mi,Kolkata Knight Riders,Mumbai Indians,mi,field,mi,Mumbai Indians,,,false,,,6.0,1abb78f8,Indian Premier League,2.0,,male
1527676,2026,2026,2026-03-30,guwahati_barsapara,Guwahati,csk,rr,Chennai Super Kings,Rajasthan Royals,rr,field,rr,Rajasthan Royals,,,false,,,8.0,465aa633,Indian Premier League,3.0,,male
1527677,2026,2026,2026-03-31,mullanpur_maharaja,New Chandigarh,gt,pbks,Gujarat Titans,Punjab Kings,pbks,field,pbks,Punjab Kings,,,false,,,3.0,fe366f34,Indian Premier League,4.0,,male
1527678,2026,2026,2026-04-01,lucknow_ekana,Lucknow,lsg,dc,Lucknow Super Giants,Delhi Capitals,dc,field,dc,Delhi Capitals,,,false,,,6.0,f89d3b11,Indian Premier League,5.0,,male
1527679,2026,2026,2026-04-02,kolkata_eden,Kolkata,srh,kkr,Sunrisers Hyderabad,Kolkata Knight Riders,kkr,field,srh,Sunrisers Hyderabad,,,false,,65.0,,aad0c365,Indian Premier League,6.0,,male
1527680,2026,2026,2026-04-03,chennai_chepauk,Chennai,csk,pbks,Chennai Super Kings,Punjab Kings,pbks,field,pbks,Punjab Kings,,,false,,,5.0,b5797845,Indian Premier League,7.0,,male
1527681,2026,2026,2026-04-04,delhi_kotla,Delhi,mi,dc,Mumbai Indians,Delhi Capitals,dc,field,dc,Delhi Capitals,,,false,,,6.0,f89d3b11,Indian Premier League,8.0,,male
1527682,2026,2026,2026-04-04,ahmedabad_narendramodi,Ahmedabad,rr,gt,Rajasthan Royals,Gujarat Titans,rr,bat,rr,Rajasthan Royals,,,false,,6.0,,df064e1a,Indian Premier League,9.0,,male
1527683,2026,2026,2026-04-05,hyderabad_rajivgandhi,Hyderabad,srh,lsg,Sunrisers Hyderabad,Lucknow Super Giants,lsg,field,lsg,Lucknow Super Giants,,,false,,,5.0,8cf9814c,Indian Premier League,10.0,,male
1527684,2026,2026,2026-04-05,bengaluru_chinnaswamy,Bengaluru,rcb,csk,Royal Challengers Bengaluru,Chennai Super Kings,csk,field,rcb,Royal Challengers Bengaluru,,,false,,43.0,,f1f99156,Indian Premier League,11.0,,male
1527685,2026,2026,2026-04-06,kolkata_eden,Kolkata,kkr,pbks,Kolkata Knight Riders,Punjab Kings,kkr,bat,,,no result,,false,,,,,Indian Premier League,12.0,,male
1527686,2026,2026,2026-04-07,guwahati_barsapara,Guwahati,rr,mi,Rajasthan Royals,Mumbai Indians,mi,field,rr,Rajasthan Royals,,,false,,27.0,,6c19c6e5,Indian Premier League,13.0,,male
1527687,2026,2026,2026-04-08,delhi_kotla,Delhi,gt,dc,Gujarat Titans,Delhi Capitals,dc,field,gt,Gujarat Titans,,,false,,1.0,,5f547c8b,Indian Premier League,14.0,,male
1527688,2026,2026,2026-04-09,kolkata_eden,Kolkata,kkr,lsg,Kolkata Knight Riders,Lucknow Super Giants,lsg,field,lsg,Lucknow Super Giants,,,false,,,3.0,1c84109e,Indian Premier League,15.0,,male
1527689,2026,2026,2026-04-10,guwahati_barsapara,Guwahati,rcb,rr,Royal Challengers Bengaluru,Rajasthan Royals,rr,field,rr,Rajasthan Royals,,,false,,,6.0,470f446b,Indian Premier League,16.0,,male
1527690,2026,2026,2026-04-11,mullanpur_maharaja,New Chandigarh,srh,pbks,Sunrisers Hyderabad,Punjab Kings,pbks,field,pbks,Punjab Kings,,,false,,,6.0,85ec8e33,Indian Premier League,17.0,,male
1527691,2026,2026,2026-04-11,chennai_chepauk,Chennai,csk,dc,Chennai Super Kings,Delhi Capitals,dc,field,csk,Chennai Super Kings,,,false,,23.0,,a4cc73aa,Indian Premier League,18.0,,male
1527692,2026,2026,2026-04-12,lucknow_ekana,Lucknow,lsg,gt,Lucknow Super Giants,Gujarat Titans,gt,field,gt,Gujarat Titans,,,false,,,7.0,85e0cf10,Indian Premier League,19.0,,male
1527693,2026,2026,2026-04-12,mumbai_wankhede,Mumbai,rcb,mi,Royal Challengers Bengaluru,Mumbai Indians,mi,field,rcb,Royal Challengers Bengaluru,,,false,,18.0,,3d284ca3,Indian Premier League,20.0,,male
1529264,2026,2026,2026-04-13,hyderabad_rajivgandhi,Hyderabad,srh,rr,Sunrisers Hyderabad,Rajasthan Royals,rr,field,srh,Sunrisers Hyderabad,,,false,,57.0,,ece7b6b3,Indian Premier League,21.0,,male
1529265,2026,2026,2026-04-14,chennai_chepauk,Chennai,csk,kkr,Chennai Super Kings,Kolkata Knight Riders,kkr,field,csk,Chennai Super Kings,,,false,,32.0,,efc04be7,Indian Premier League,22.0,,male
1529266,2026,2026,2026-04-15,bengaluru_chinnaswamy,Bengaluru,lsg,rcb,Lucknow Super Giants,Royal Challengers Bengaluru,rcb,field,rcb,Royal Challengers Bengaluru,,,false,,,5.0,03806cf8,Indian Premier League,23.0,,male
1529267,2026,2026,2026-04-16,mumbai_wankhede,Mumbai,mi,pbks,Mumbai Indians,Punjab Kings,pbks,field,pbks,Punjab Kings,,,false,,,7.0,244048f6,Indian Premier League,24.0,,male
1529268,2026,2026,2026-04-17,ahmedabad_narendramodi,Ahmedabad,kkr,gt,Kolkata Knight Riders,Gujarat Titans,kkr,bat,gt,Gujarat Titans,,,false,,,5.0,b4b99816,Indian Premier League,25.0,,male
1529269,2026,2026,2026-04-18,bengaluru_chinnaswamy,Bengaluru,rcb,dc,Royal Challengers Bengaluru,Delhi Capitals,dc,field,dc,Delhi Capitals,,,false,,,6.0,85b3fab2,Indian Premier League,26.0,,male
1529270,2026,2026,2026-04-18,hyderabad_rajivgandhi,Hyderabad,srh,csk,Sunrisers Hyderabad,Chennai Super Kings,csk,field,srh,Sunrisers Hyderabad,,,false,,10.0,,5750bcb4,Indian Premier League,27.0,,male
1529271,2026,2026,2026-04-19,kolkata_eden,Kolkata,rr,kkr,Rajasthan Royals,Kolkata Knight Riders,rr,bat,kkr,Kolkata Knight Riders,,,false,,,4.0,5b7ab5a9,Indian Premier League,28.0,,male
1529272,2026,2026,2026-04-19,mullanpur_maharaja,New Chandigarh,pbks,lsg,Punjab Kings,Lucknow Super Giants,lsg,field,pbks,Punjab Kings,,,false,,54.0,,b5797845,Indian Premier League,29.0,,male
1529273,2026,2026,2026-04-20,ahmedabad_narendramodi,Ahmedabad,mi,gt,Mumbai Indians,Gujarat Titans,gt,field,mi,Mumbai Indians,,,false,,99.0,,b0482a1d,Indian Premier League,30.0,,male
1529274,2026,2026,2026-04-21,hyderabad_rajivgandhi,Hyderabad,srh,dc,Sunrisers Hyderabad,Delhi Capitals,dc,field,srh,Sunrisers Hyderabad,,,false,,47.0,,f29185a1,Indian Premier League,31.0,,male
1529275,2026,2026,2026-04-22,lucknow_ekana,Lucknow,rr,lsg,Rajasthan Royals,Lucknow Super Giants,lsg,field,rr,Rajasthan Royals,,,false,,40.0,,fe93fd9d,Indian Premier League,32.0,,male
1529276,2026,2026,2026-04-23,mumbai_wankhede,Mumbai,csk,mi,Chennai Super Kings,Mumbai Indians,mi,field,csk,Chennai Super Kings,,,false,,103.0,,a4cc73aa,Indian Premier League,33.0,,male
1529277,2026,2026,2026-04-24,bengaluru_chinnaswamy,Bengaluru,gt,rcb,Gujarat Titans,Royal Challengers Bengaluru,rcb,field,rcb,Royal Challengers Bengaluru,,,false,,,5.0,ba607b88,Indian Premier League,34.0,,male
1529278,2026,2026,2026-04-25,delhi_kotla,Delhi,dc,pbks,Delhi Capitals,Punjab Kings,dc,bat,pbks,Punjab Kings,,,false,,,6.0,b17e2f24,Indian Premier League,35.0,,male
1529279,2026,2026,2026-04-25,jaipur_sawaimansingh,Jaipur,rr,srh,Rajasthan Royals,Sunrisers Hyderabad,srh,field,srh,Sunrisers Hyderabad,,,false,,,5.0,752f7486,Indian Premier League,36.0,,male
1529280,2026,2026,2026-04-26,chennai_chepauk,Chennai,csk,gt,Chennai Super Kings,Gujarat Titans,gt,field,gt,Gujarat Titans,,,false,,,8.0,e62dd25d,Indian Premier League,37.0,,male
1529281,2026,2026,2026-04-26,lucknow_ekana,Lucknow,kkr,lsg,Kolkata Knight Riders,Lucknow Super Giants,lsg,field,,,tie,,true,kkr,,,0a509d6b,Indian Premier League,38.0,,male
1529282,2026,2026,2026-04-27,delhi_kotla,Delhi,dc,rcb,Delhi Capitals,Royal Challengers Bengaluru,rcb,field,rcb,Royal Challengers Bengaluru,,,false,,,9.0,03806cf8,Indian Premier League,39.0,,male
1529283,2026,2026,2026-04-28,mullanpur_maharaja,New Chandigarh,pbks,rr,Punjab Kings,Rajasthan Royals,rr,field,rr,Rajasthan Royals,,,false,,,6.0,f0af99a7,Indian Premier League,40.0,,male
1529284,2026,2026,2026-04-29,mumbai_wankhede,Mumbai,mi,srh,Mumbai Indians,Sunrisers Hyderabad,mi,bat,srh,Sunrisers Hyderabad,,,false,,,6.0,235c2bb6,Indian Premier League,41.0,,male
1529285,2026,2026,2026-04-30,ahmedabad_narendramodi,Ahmedabad,rcb,gt,Royal Challengers Bengaluru,Gujarat Titans,gt,field,gt,Gujarat Titans,,,false,,,4.0,0f721006,Indian Premier League,42.0,,male
1529286,2026,2026,2026-05-01,jaipur_sawaimansingh,Jaipur,rr,dc,Rajasthan Royals,Delhi Capitals,rr,bat,dc,Delhi Capitals,,,false,,,7.0,b17e2f24,Indian Premier League,43.0,,male
1529287,2026,2026,2026-05-02,chennai_chepauk,Chennai,mi,csk,Mumbai Indians,Chennai Super Kings,mi,bat,csk,Chennai Super Kings,,,false,,,8.0,45a43fe2,Indian Premier League,44.0,,male
1529288,2026,2026,2026-05-03,hyderabad_rajivgandhi,Hyderabad,srh,kkr,Sunrisers Hyderabad,Kolkata Knight Riders,srh,bat,kkr,Kolkata Knight Riders,,,false,,,7.0,5b7ab5a9,Indian Premier League,45.0,,male
1529289,2026,2026,2026-05-03,ahmedabad_narendramodi,Ahmedabad,pbks,gt,Punjab Kings,Gujarat Titans,gt,field,gt,Gujarat Titans,,,false,,,4.0,0f721006,Indian Premier League,46.0,,male
1529290,2026,2026,2026-05-04,mumbai_wankhede,Mumbai,lsg,mi,Lucknow Super Giants,Mumbai Indians,mi,field,mi,Mumbai Indians,,,false,,,6.0,e66732f8,Indian Premier League,47.0,,male
1529291,2026,2026,2026-05-05,delhi_kotla,Delhi,dc,csk,Delhi Capitals,Chennai Super Kings,dc,bat,csk,Chennai Super Kings,,,false,,,8.0,a4cc73aa,Indian Premier League,48.0,,male
1529292,2026,2026,2026-05-06,hyderabad_rajivgandhi,Hyderabad,srh,pbks,Sunrisers Hyderabad,Punjab Kings,pbks,field,srh,Sunrisers Hyderabad,,,false,,33.0,,ded9240e,Indian Premier League,49.0,,male
1529293,2026,2026,2026-05-07,lucknow_ekana,Lucknow,lsg,rcb,Lucknow Super Giants,Royal Challengers Bengaluru,rcb,field,lsg,Lucknow Super Giants,,D/L,false,,9.0,,3d8feaf8,Indian Premier League,50.0,,male
1529294,2026,2026,2026-05-08,delhi_kotla,Delhi,dc,kkr,Delhi Capitals,Kolkata Knight Riders,kkr,field,kkr,Kolkata Knight Riders,,,false,,,8.0,bf74b130,Indian Premier League,51.0,,male
1529295,2026,2026,2026-05-09,jaipur_sawaimansingh,Jaipur,gt,rr,Gujarat Titans,Rajasthan Royals,rr,field,gt,Gujarat Titans,,,false,,77.0,,5f547c8b,Indian Premier League,52.0,,male
1529296,2026,2026,2026-05-10,chennai_chepauk,Chennai,lsg,csk,Lucknow Super Giants,Chennai Super Kings,csk,field,csk,Chennai Super Kings,,,false,,,5.0,59559bc2,Indian Premier League,53.0,,male
1529297,2026,2026,2026-05-10,raipur_vnsingh,Raipur,mi,rcb,Mumbai Indians,Royal Challengers Bengaluru,rcb,field,rcb,Royal Challengers Bengaluru,,,false,,,2.0,2e81a32d,Indian Premier League,54.0,,male
1529298,2026,2026,2026-05-11,dharamsala_hpca,Dharamsala,pbks,dc,Punjab Kings,Delhi Capitals,dc,field,dc,Delhi Capitals,,,false,,,3.0,fb5f69e4,Indian Premier League,55.0,,male
1529299,2026,2026,2026-05-12,ahmedabad_narendramodi,Ahmedabad,gt,srh,Gujarat Titans,Sunrisers Hyderabad,srh,field,gt,Gujarat Titans,,,false,,82.0,,e62dd25d,Indian Premier League,56.0,,male
1529300,2026,2026,2026-05-13,raipur_vnsingh,Raipur,kkr,rcb,Kolkata Knight Riders,Royal Challengers Bengaluru,rcb,field,rcb,Royal Challengers Bengaluru,,,false,,,6.0,ba607b88,Indian Premier League,57.0,,male
1529301,2026,2026,2026-05-14,dharamsala_hpca,Dharamsala,pbks,mi,Punjab Kings,Mumbai Indians,mi,field,mi,Mumbai Indians,,,false,,,6.0,b0482a1d,Indian Premier League,58.0,,male
1529302,2026,2026,2026-05-15,lucknow_ekana,Lucknow,csk,lsg,Chennai Super Kings,Lucknow Super Giants,lsg,field,lsg,Lucknow Super Giants,,,false,,,7.0,3d8feaf8,Indian Premier League,59.0,,male
1529303,2026,2026,2026-05-16,kolkata_eden,Kolkata,kkr,gt,Kolkata Knight Riders,Gujarat Titans,gt,field,kkr,Kolkata Knight Riders,,,false,,29.0,,9d430b40,Indian Premier League,60.0,,male
1529304,2026,2026,2026-05-17,dharamsala_hpca,Dharamsala,rcb,pbks,Royal Challengers Bengaluru,Punjab Kings,pbks,field,rcb,Royal Challengers Bengaluru,,,false,,23.0,,a24be938,Indian Premier League,61.0,,male
1529305,2026,2026,2026-05-17,delhi_kotla,Delhi,rr,dc,Rajasthan Royals,Delhi Capitals,dc,field,dc,Delhi Capitals,,,false,,,5.0,3fb19989,Indian Premier League,62.0,,male
1529306,2026,2026,2026-05-18,chennai_chepauk,Chennai,csk,srh,Chennai Super Kings,Sunrisers Hyderabad,csk,bat,srh,Sunrisers Hyderabad,,,false,,,5.0,752f7486,Indian Premier League,63.0,,male
1529307,2026,2026,2026-05-19,jaipur_sawaimansingh,Jaipur,lsg,rr,Lucknow Super Giants,Rajasthan Royals,rr,field,rr,Rajasthan Royals,,,false,,,7.0,470f446b,Indian Premier League,64.0,,male
1529308,2026,2026,2026-05-20,kolkata_eden,Kolkata,mi,kkr,Mumbai Indians,Kolkata Knight Riders,kkr,field,kkr,Kolkata Knight Riders,,,false,,,4.0,93b4fc78,Indian Premier League,65.0,,male
1529309,2026,2026,2026-05-21,ahmedabad_narendramodi,Ahmedabad,gt,csk,Gujarat Titans,Chennai Super Kings,csk,field,gt,Gujarat Titans,,,false,,89.0,,2f49c897,Indian Premier League,66.0,,male
1529310,2026,2026,2026-05-22,hyderabad_rajivgandhi,Hyderabad,srh,rcb,Sunrisers Hyderabad,Royal Challengers Bengaluru,srh,bat,srh,Sunrisers Hyderabad,,,false,,55.0,,752f7486,Indian Premier League,67.0,,male
1529311,2026,2026,2026-05-23,lucknow_ekana,Lucknow,lsg,pbks,Lucknow Super Giants,Punjab Kings,pbks,field,pbks,Punjab Kings,,,false,,,7.0,85ec8e33,Indian Premier League,68.0,,male
1529312,2026,2026,2026-05-24,mumbai_wankhede,Mumbai,rr,mi,Rajasthan Royals,Mumbai Indians,mi,field,rr,Rajasthan Royals,,,false,,30.0,,5574750c,Indian Premier League,69.0,,male
1529313,2026,2026,2026-05-24,kolkata_eden,Kolkata,dc,kkr,Delhi Capitals,Kolkata Knight Riders,kkr,field,dc,Delhi Capitals,,,false,,40.0,,8d2c70ad,Indian Premier League,70.0,,male
1535462,2026,2026,2026-05-26,dharamsala_hpca,Dharamsala,rcb,gt,Royal Challengers Bengaluru,Gujarat Titans,gt,field,rcb,Royal Challengers Bengaluru,,,false,,92.0,,c740ea83,Indian Premier League,,Qualifier 1,male
1535463,2026,2026,2026-05-27,mullanpur_maharaja,New Chandigarh,rr,srh,Rajasthan Royals,Sunrisers Hyderabad,srh,field,rr,Rajasthan Royals,,,false,,47.0,,470f446b,Indian Premier League,,Eliminator,male
1535464,2026,2026,2026-05-29,mullanpur_maharaja,New Chandigarh,rr,gt,Rajasthan Royals,Gujarat Titans,rr,bat,gt,Gujarat Titans,,,false,,,7.0,b4b99816,Indian Premier League,,Qualifier 2,male
1535465,2026,2026,2026-05-31,ahmedabad_narendramodi,Ahmedabad,gt,rcb,Gujarat Titans,Royal Challengers Bengaluru,rcb,field,rcb,Royal Challengers Bengaluru,,,false,,,5.0,ba607b88,Indian Premier League,,Final,male
335982,2007/08,2008,2008-04-18,bengaluru_chinnaswamy,Bengaluru,rcb,kkr,Royal Challengers Bangalore,Kolkata Knight Riders,rcb,field,kkr,Kolkata Knight Riders,,,false,,140.0,,b8a55852,Indian Premier League,1.0,,male
335983,2007/08,2008,2008-04-19,mohali_pca,Mohali,pbks,csk,Kings XI Punjab,Chennai Super Kings,csk,bat,csk,Chennai Super Kings,,,false,,33.0,,48fd7349,Indian Premier League,2.0,,male
335984,2007/08,2008,2008-04-19,delhi_kotla,Delhi,dc,rr,Delhi Daredevils,Rajasthan Royals,rr,bat,dc,Delhi Daredevils,,,false,,,9.0,ab89348d,Indian Premier League,3.0,,male
335985,2007/08,2008,2008-04-20,mumbai_wankhede,Mumbai,mi,rcb,Mumbai Indians,Royal Challengers Bangalore,mi,bat,rcb,Royal Challengers Bangalore,,,false,,,5.0,f3cb53a1,Indian Premier League,5.0,,male
335986,2007/08,2008,2008-04-20,kolkata_eden,Kolkata,kkr,deccan,Kolkata Knight Riders,Deccan Chargers,deccan,bat,kkr,Kolkata Knight Riders,,,false,,,5.0,fd835ab3,Indian Premier League,4.0,,male
335987,2007/08,2008,2008-04-21,jaipur_sawaimansingh,Jaipur,rr,pbks,Rajasthan Royals,Kings XI Punjab,pbks,bat,rr,Rajasthan Royals,,,false,,,6.0,4329fbb5,Indian Premier League,6.0,,male
335988,2007/08,2008,2008-04-22,hyderabad_rajivgandhi,Hyderabad,deccan,dc,Deccan Chargers,Delhi Daredevils,deccan,bat,dc,Delhi Daredevils,,,false,,,9.0,8ba8195d,Indian Premier League,7.0,,male
335989,2007/08,2008,2008-04-23,chennai_chepauk,Chennai,csk,mi,Chennai Super Kings,Mumbai Indians,mi,field,csk,Chennai Super Kings,,,false,,6.0,,d8699ab7,Indian Premier League,8.0,,male
335990,2007/08,2008,2008-04-24,hyderabad_rajivgandhi,Hyderabad,deccan,rr,Deccan Chargers,Rajasthan Royals,rr,field,rr,Rajasthan Royals,,,false,,,3.0,3c6ffae8,Indian Premier League,9.0,,male
335991,2007/08,2008,2008-04-25,mohali_pca,Mohali,pbks,mi,Kings XI Punjab,Mumbai Indians,mi,field,pbks,Kings XI Punjab,,,false,,66.0,,6b71e6cf,Indian Premier League,10.0,,male
335992,2007/08,2008,2008-04-26,bengaluru_chinnaswamy,Bengaluru,rcb,rr,Royal Challengers Bangalore,Rajasthan Royals,rr,field,rr,Rajasthan Royals,,,false,,,7.0,4329fbb5,Indian Premier League,12.0,,male
335993,2007/08,2008,2008-04-26,chennai_chepauk,Chennai,csk,kkr,Chennai Super Kings,Kolkata Knight Riders,kkr,bat,csk,Chennai Super Kings,,,false,,,9.0,3eac9d95,Indian Premier League,11.0,,male
335994,2007/08,2008,2008-04-27,navimumbai_dypatil,Navi Mumbai,mi,deccan,Mumbai Indians,Deccan Chargers,deccan,field,deccan,Deccan Chargers,,,false,,,10.0,2b6e6dec,Indian Premier League,14.0,,male
335995,2007/08,2008,2008-04-27,mohali_pca,Mohali,pbks,dc,Kings XI Punjab,Delhi Daredevils,dc,bat,pbks,Kings XI Punjab,,,false,,,4.0,fdedb37c,Indian Premier League,13.0,,male
335996,2007/08,2008,2008-04-28,bengaluru_chinnaswamy,Bengaluru,rcb,csk,Royal Challengers Bangalore,Chennai Super Kings,csk,bat,csk,Chennai Super Kings,,,false,,13.0,,4a8a2e3b,Indian Premier League,15.0,,male
335997,2007/08,2008,2008-04-29,kolkata_eden,Kolkata,kkr,mi,Kolkata Knight Riders,Mumbai Indians,kkr,bat,mi,Mumbai Indians,,,false,,,7.0,f233bbb4,Indian Premier League,16.0,,male
335998,2007/08,2008,2008-04-30,delhi_kotla,Delhi,dc,rcb,Delhi Daredevils,Royal Challengers Bangalore,rcb,field,dc,Delhi Daredevils,,,false,,10.0,,ee7d0c82,Indian Premier League,17.0,,male
335999,2007/08,2008,2008-05-01,hyderabad_rajivgandhi,Hyderabad,deccan,pbks,Deccan Chargers,Kings XI Punjab,pbks,field,pbks,Kings XI Punjab,,,false,,,7.0,508a1ea7,Indian Premier League,19.0,,male
336000,2007/08,2008,2008-05-01,jaipur_sawaimansingh,Jaipur,rr,kkr,Rajasthan Royals,Kolkata Knight Riders,rr,bat,rr,Rajasthan Royals,,,false,,45.0,,ae091d39,Indian Premier League,18.0,,male
336001,2007/08,2008,2008-05-02,chennai_chepauk,Chennai,csk,dc,Chennai Super Kings,Delhi Daredevils,csk,bat,dc,Delhi Daredevils,,,false,,,8.0,8ba8195d,Indian Premier League,20.0,,male
336002,2007/08,2008,2008-05-25,hyderabad_rajivgandhi,Hyderabad,deccan,rcb,Deccan Chargers,Royal Challengers Bangalore,deccan,bat,rcb,Royal Challengers Bangalore,,,false,,,5.0,41eb4a4f,Indian Premier League,51.0,,male
336003,2007/08,2008,2008-05-03,mohali_pca,Mohali,pbks,kkr,Kings XI Punjab,Kolkata Knight Riders,pbks,bat,pbks,Kings XI Punjab,,,false,,9.0,,5fa06777,Indian Premier League,22.0,,male
336004,2007/08,2008,2008-05-04,navimumbai_dypatil,Navi Mumbai,mi,dc,Mumbai Indians,Delhi Daredevils,dc,field,mi,Mumbai Indians,,,false,,29.0,,88fccd6c,Indian Premier League,23.0,,male
336005,2007/08,2008,2008-05-04,jaipur_sawaimansingh,Jaipur,rr,csk,Rajasthan Royals,Chennai Super Kings,csk,bat,rr,Rajasthan Royals,,,false,,,8.0,64d43928,Indian Premier League,24.0,,male
336006,2007/08,2008,2008-05-05,bengaluru_chinnaswamy,Bengaluru,rcb,pbks,Royal Challengers Bangalore,Kings XI Punjab,pbks,field,pbks,Kings XI Punjab,,,false,,,6.0,6b8eb6e5,Indian Premier League,25.0,,male
336007,2007/08,2008,2008-05-06,chennai_chepauk,Chennai,csk,deccan,Chennai Super Kings,Deccan Chargers,deccan,field,deccan,Deccan Chargers,,,false,,,7.0,2b6e6dec,Indian Premier League,26.0,,male
336008,2007/08,2008,2008-05-07,navimumbai_dypatil,Navi Mumbai,mi,rr,Mumbai Indians,Rajasthan Royals,mi,field,mi,Mumbai Indians,,,false,,,7.0,96fd40ae,Indian Premier League,27.0,,male
336009,2007/08,2008,2008-05-08,delhi_kotla,Delhi,dc,csk,Delhi Daredevils,Chennai Super Kings,csk,field,csk,Chennai Super Kings,,,false,,,4.0,4a8a2e3b,Indian Premier League,28.0,,male
336010,2007/08,2008,2008-05-08,kolkata_eden,Kolkata,kkr,rcb,Kolkata Knight Riders,Royal Challengers Bangalore,kkr,bat,kkr,Kolkata Knight Riders,,,false,,5.0,,725529bc,Indian Premier League,29.0,,male
336011,2007/08,2008,2008-05-09,jaipur_sawaimansingh,Jaipur,rr,deccan,Rajasthan Royals,Deccan Chargers,rr,field,rr,Rajasthan Royals,,,false,,,8.0,3c6ffae8,Indian Premier League,30.0,,male
336012,2007/08,2008,2008-05-28,bengaluru_chinnaswamy,Bengaluru,rcb,mi,Royal Challengers Bangalore,Mumbai Indians,mi,field,mi,Mumbai Indians,,,false,,,9.0,342d8ade,Indian Premier League,55.0,,male
336013,2007/08,2008,2008-05-10,chennai_chepauk,Chennai,csk,pbks,Chennai Super Kings,Kings XI Punjab,pbks,field,csk,Chennai Super Kings,,,false,,18.0,,b2b50355,Indian Premier League,31.0,,male
336014,2007/08,2008,2008-05-11,hyderabad_rajivgandhi,Hyderabad,deccan,kkr,Deccan Chargers,Kolkata Knight Riders,kkr,bat,kkr,Kolkata Knight Riders,,,false,,23.0,,725529bc,Indian Premier League,32.0,,male
336015,2007/08,2008,2008-05-11,jaipur_sawaimansingh,Jaipur,rr,dc,Rajasthan Royals,Delhi Daredevils,rr,field,rr,Rajasthan Royals,,,false,,,3.0,4329fbb5,Indian Premier League,33.0,,male
336016,2007/08,2008,2008-05-12,mohali_pca,Mohali,pbks,rcb,Kings XI Punjab,Royal Challengers Bangalore,rcb,bat,pbks,Kings XI Punjab,,,false,,,9.0,508a1ea7,Indian Premier League,34.0,,male
336017,2007/08,2008,2008-05-13,kolkata_eden,Kolkata,kkr,dc,Kolkata Knight Riders,Delhi Daredevils,kkr,bat,kkr,Kolkata Knight Riders,,,false,,23.0,,10a91f35,Indian Premier League,35.0,,male
336018,2007/08,2008,2008-05-14,mumbai_wankhede,Mumbai,mi,csk,Mumbai Indians,Chennai Super Kings,mi,field,mi,Mumbai Indians,,,false,,,9.0,f233bbb4,Indian Premier League,36.0,,male
336019,2007/08,2008,2008-05-28,mohali_pca,Mohali,pbks,rr,Kings XI Punjab,Rajasthan Royals,rr,field,pbks,Kings XI Punjab,,,false,,41.0,,508a1ea7,Indian Premier League,56.0,,male
336020,2007/08,2008,2008-05-15,delhi_kotla,Delhi,dc,deccan,Delhi Daredevils,Deccan Chargers,deccan,field,dc,Delhi Daredevils,,,false,,12.0,,6b19d823,Indian Premier League,37.0,,male
336021,2007/08,2008,2008-05-16,mumbai_wankhede,Mumbai,mi,kkr,Mumbai Indians,Kolkata Knight Riders,mi,field,mi,Mumbai Indians,,,false,,,8.0,88fccd6c,Indian Premier League,38.0,,male
336022,2007/08,2008,2008-05-17,delhi_kotla,Delhi,dc,pbks,Delhi Daredevils,Kings XI Punjab,dc,bat,pbks,Kings XI Punjab,,D/L,false,,6.0,,d18f9182,Indian Premier League,40.0,,male
336023,2007/08,2008,2008-05-17,jaipur_sawaimansingh,Jaipur,rr,rcb,Rajasthan Royals,Royal Challengers Bangalore,rcb,field,rr,Rajasthan Royals,,,false,,65.0,,72861603,Indian Premier League,39.0,,male
336024,2007/08,2008,2008-05-18,hyderabad_rajivgandhi,Hyderabad,deccan,mi,Deccan Chargers,Mumbai Indians,deccan,field,mi,Mumbai Indians,,,false,,25.0,,87e562a9,Indian Premier League,42.0,,male
336025,2007/08,2008,2008-05-18,kolkata_eden,Kolkata,kkr,csk,Kolkata Knight Riders,Chennai Super Kings,kkr,bat,csk,Chennai Super Kings,,D/L,false,,3.0,,20a941bb,Indian Premier League,41.0,,male
336026,2007/08,2008,2008-05-19,bengaluru_chinnaswamy,Bengaluru,rcb,dc,Royal Challengers Bangalore,Delhi Daredevils,dc,field,dc,Delhi Daredevils,,,false,,,5.0,541f85c9,Indian Premier League,43.0,,male
336027,2007/08,2008,2008-05-20,kolkata_eden,Kolkata,kkr,rr,Kolkata Knight Riders,Rajasthan Royals,rr,field,rr,Rajasthan Royals,,,false,,,6.0,3c6ffae8,Indian Premier League,44.0,,male
336028,2007/08,2008,2008-05-21,mumbai_wankhede,Mumbai,mi,pbks,Mumbai Indians,Kings XI Punjab,mi,field,pbks,Kings XI Punjab,,,false,,1.0,,508a1ea7,Indian Premier League,45.0,,male
336029,2007/08,2008,2008-05-21,chennai_chepauk,Chennai,csk,rcb,Chennai Super Kings,Royal Challengers Bangalore,rcb,bat,rcb,Royal Challengers Bangalore,,,false,,14.0,,0c2730df,Indian Premier League,46.0,,male
336031,2007/08,2008,2008-05-23,mohali_pca,Mohali,pbks,deccan,Kings XI Punjab,Deccan Chargers,pbks,field,pbks,Kings XI Punjab,,,false,,,6.0,508a1ea7,Indian Premier League,48.0,,male
336032,2007/08,2008,2008-05-24,delhi_kotla,Delhi,dc,mi,Delhi Daredevils,Mumbai Indians,dc,field,dc,Delhi Daredevils,,,false,,,5.0,c03f1114,Indian Premier League,50.0,,male
336033,2007/08,2008,2008-05-24,chennai_chepauk,Chennai,csk,rr,Chennai Super Kings,Rajasthan Royals,rr,bat,rr,Rajasthan Royals,,,false,,10.0,,c3d35165,Indian Premier League,49.0,,male
336034,2007/08,2008,2008-05-03,bengaluru_chinnaswamy,Bengaluru,rcb,deccan,Royal Challengers Bangalore,Deccan Chargers,deccan,field,rcb,Royal Challengers Bangalore,,,false,,3.0,,e938e1bc,Indian Premier League,21.0,,male
336035,2007/08,2008,2008-05-25,kolkata_eden,Kolkata,kkr,pbks,Kolkata Knight Riders,Kings XI Punjab,pbks,bat,kkr,Kolkata Knight Riders,,,false,,,3.0,16dfcc19,Indian Premier League,52.0,,male
336036,2007/08,2008,2008-05-26,jaipur_sawaimansingh,Jaipur,rr,mi,Rajasthan Royals,Mumbai Indians,rr,field,rr,Rajasthan Royals,,,false,,,5.0,64d43928,Indian Premier League,53.0,,male
336037,2007/08,2008,2008-05-27,hyderabad_rajivgandhi,Hyderabad,deccan,csk,Deccan Chargers,Chennai Super Kings,deccan,bat,csk,Chennai Super Kings,,,false,,,7.0,1dc12ab9,Indian Premier League,54.0,,male
336038,2007/08,2008,2008-05-30,mumbai_wankhede,Mumbai,dc,rr,Delhi Daredevils,Rajasthan Royals,dc,field,rr,Rajasthan Royals,,,false,,105.0,,4329fbb5,Indian Premier League,,Semi Final,male
336039,2007/08,2008,2008-05-31,mumbai_wankhede,Mumbai,csk,pbks,Chennai Super Kings,Kings XI Punjab,pbks,bat,csk,Chennai Super Kings,,,false,,,9.0,20a941bb,Indian Premier League,,Semi Final,male
336040,2007/08,2008,2008-06-01,navimumbai_dypatil,Navi Mumbai,csk,rr,Chennai Super Kings,Rajasthan Royals,rr,field,rr,Rajasthan Royals,,,false,,,3.0,3c6ffae8,Indian Premier League,,Final,male
392181,2009,2009,2009-04-18,capetown_newlands,Cape Town,csk,mi,Chennai Super Kings,Mumbai Indians,csk,field,mi,Mumbai Indians,,,false,,19.0,,d2c2b2d5,Indian Premier League,1.0,,male
392182,2009,2009,2009-04-18,capetown_newlands,Cape Town,rcb,rr,Royal Challengers Bangalore,Rajasthan Royals,rcb,bat,rcb,Royal Challengers Bangalore,,,false,,75.0,,0184dc35,Indian Premier League,2.0,,male
392183,2009,2009,2009-04-19,capetown_newlands,Cape Town,dc,pbks,Delhi Daredevils,Kings XI Punjab,dc,field,dc,Delhi Daredevils,,D/L,false,,,10.0,d7c6af50,Indian Premier League,3.0,,male
392184,2009,2009,2009-04-19,capetown_newlands,Cape Town,deccan,kkr,Deccan Chargers,Kolkata Knight Riders,kkr,bat,deccan,Deccan Chargers,,,false,,,8.0,c3d1402f,Indian Premier League,4.0,,male
392185,2009,2009,2009-04-20,portelizabeth_stgeorges,Port Elizabeth,rcb,csk,Royal Challengers Bangalore,Chennai Super Kings,csk,bat,csk,Chennai Super Kings,,,false,,92.0,,4ba44e19,Indian Premier League,5.0,,male
392186,2009,2009,2009-04-21,durban_kingsmead,Durban,pbks,kkr,Kings XI Punjab,Kolkata Knight Riders,kkr,field,kkr,Kolkata Knight Riders,,D/L,false,,11.0,,db584dad,Indian Premier League,6.0,,male
392188,2009,2009,2009-04-22,capetown_newlands,Cape Town,rcb,deccan,Royal Challengers Bangalore,Deccan Chargers,deccan,bat,deccan,Deccan Chargers,,,false,,24.0,,2b6e6dec,Indian Premier League,8.0,,male
392189,2009,2009,2009-04-23,durban_kingsmead,Durban,csk,dc,Chennai Super Kings,Delhi Daredevils,dc,bat,dc,Delhi Daredevils,,,false,,9.0,,c4487b84,Indian Premier League,9.0,,male
392190,2009,2009,2009-04-23,capetown_newlands,Cape Town,kkr,rr,Kolkata Knight Riders,Rajasthan Royals,kkr,field,,,tie,,true,rr,,,3c6ffae8,Indian Premier League,10.0,,male
392191,2009,2009,2009-04-24,durban_kingsmead,Durban,rcb,pbks,Royal Challengers Bangalore,Kings XI Punjab,rcb,bat,pbks,Kings XI Punjab,,,false,,,7.0,7ca5e05d,Indian Premier League,11.0,,male
392192,2009,2009,2009-04-25,durban_kingsmead,Durban,deccan,mi,Deccan Chargers,Mumbai Indians,deccan,bat,deccan,Deccan Chargers,,,false,,12.0,,6c6591ab,Indian Premier League,12.0,,male
392194,2009,2009,2009-04-26,portelizabeth_stgeorges,Port Elizabeth,rcb,dc,Royal Challengers Bangalore,Delhi Daredevils,rcb,bat,dc,Delhi Daredevils,,,false,,,6.0,5bdcdb72,Indian Premier League,14.0,,male
392195,2009,2009,2009-04-26,capetown_newlands,Cape Town,pbks,rr,Kings XI Punjab,Rajasthan Royals,pbks,bat,pbks,Kings XI Punjab,,,false,,27.0,,6b71e6cf,Indian Premier League,15.0,,male
392196,2009,2009,2009-04-27,durban_kingsmead,Durban,csk,deccan,Chennai Super Kings,Deccan Chargers,deccan,field,deccan,Deccan Chargers,,,false,,,6.0,e1d1b294,Indian Premier League,16.0,,male
392197,2009,2009,2009-04-27,portelizabeth_stgeorges,Port Elizabeth,kkr,mi,Kolkata Knight Riders,Mumbai Indians,mi,bat,mi,Mumbai Indians,,,false,,92.0,,d2c2b2d5,Indian Premier League,17.0,,male
392198,2009,2009,2009-04-28,centurion_supersport,Centurion,dc,rr,Delhi Daredevils,Rajasthan Royals,dc,bat,rr,Rajasthan Royals,,,false,,,5.0,3c6ffae8,Indian Premier League,18.0,,male
392199,2009,2009,2009-04-29,durban_kingsmead,Durban,rcb,kkr,Royal Challengers Bangalore,Kolkata Knight Riders,kkr,bat,rcb,Royal Challengers Bangalore,,,false,,,5.0,f3cb53a1,Indian Premier League,19.0,,male
392200,2009,2009,2009-04-29,durban_kingsmead,Durban,pbks,mi,Kings XI Punjab,Mumbai Indians,pbks,bat,pbks,Kings XI Punjab,,,false,,3.0,,6b71e6cf,Indian Premier League,20.0,,male
392201,2009,2009,2009-04-30,centurion_supersport,Centurion,deccan,dc,Deccan Chargers,Delhi Daredevils,dc,field,dc,Delhi Daredevils,,,false,,,6.0,c404f58a,Indian Premier League,21.0,,male
392202,2009,2009,2009-04-30,centurion_supersport,Centurion,csk,rr,Chennai Super Kings,Rajasthan Royals,rr,field,csk,Chennai Super Kings,,,false,,38.0,,1dc12ab9,Indian Premier League,22.0,,male
392203,2009,2009,2009-05-01,eastlondon_buffalo,East London,kkr,mi,Kolkata Knight Riders,Mumbai Indians,mi,bat,mi,Mumbai Indians,,,false,,9.0,,2e8994e7,Indian Premier League,23.0,,male
392204,2009,2009,2009-05-01,durban_kingsmead,Durban,rcb,pbks,Royal Challengers Bangalore,Kings XI Punjab,rcb,bat,rcb,Royal Challengers Bangalore,,,false,,8.0,,1c914163,Indian Premier League,24.0,,male
392205,2009,2009,2009-05-02,portelizabeth_stgeorges,Port Elizabeth,deccan,rr,Deccan Chargers,Rajasthan Royals,deccan,bat,rr,Rajasthan Royals,,,false,,,3.0,3c6ffae8,Indian Premier League,25.0,,male
392206,2009,2009,2009-05-02,johannesburg_wanderers,Johannesburg,csk,dc,Chennai Super Kings,Delhi Daredevils,dc,field,csk,Chennai Super Kings,,,false,,18.0,,c8179c68,Indian Premier League,26.0,,male
392207,2009,2009,2009-05-03,portelizabeth_stgeorges,Port Elizabeth,pbks,kkr,Kings XI Punjab,Kolkata Knight Riders,kkr,bat,pbks,Kings XI Punjab,,,false,,,6.0,d18f9182,Indian Premier League,27.0,,male
392208,2009,2009,2009-05-03,johannesburg_wanderers,Johannesburg,rcb,mi,Royal Challengers Bangalore,Mumbai Indians,mi,bat,rcb,Royal Challengers Bangalore,,,false,,,9.0,86dc8f2e,Indian Premier League,28.0,,male
392209,2009,2009,2009-05-04,eastlondon_buffalo,East London,csk,deccan,Chennai Super Kings,Deccan Chargers,csk,bat,csk,Chennai Super Kings,,,false,,78.0,,4a8a2e3b,Indian Premier League,29.0,,male
392210,2009,2009,2009-05-05,durban_kingsmead,Durban,pbks,rr,Kings XI Punjab,Rajasthan Royals,pbks,field,rr,Rajasthan Royals,,,false,,78.0,,72861603,Indian Premier League,30.0,,male
392211,2009,2009,2009-05-05,durban_kingsmead,Durban,dc,kkr,Delhi Daredevils,Kolkata Knight Riders,kkr,bat,dc,Delhi Daredevils,,,false,,,9.0,bb345e0b,Indian Premier League,31.0,,male
392212,2009,2009,2009-05-06,centurion_supersport,Centurion,deccan,mi,Deccan Chargers,Mumbai Indians,deccan,bat,deccan,Deccan Chargers,,,false,,19.0,,740742ef,Indian Premier League,32.0,,male
392213,2009,2009,2009-05-07,centurion_supersport,Centurion,rcb,rr,Royal Challengers Bangalore,Rajasthan Royals,rr,field,rr,Rajasthan Royals,,,false,,,7.0,5b040b81,Indian Premier League,33.0,,male
392214,2009,2009,2009-05-07,centurion_supersport,Centurion,csk,pbks,Chennai Super Kings,Kings XI Punjab,csk,bat,csk,Chennai Super Kings,,D/L,false,,12.0,,d8699ab7,Indian Premier League,34.0,,male
392215,2009,2009,2009-05-08,eastlondon_buffalo,East London,dc,mi,Delhi Daredevils,Mumbai Indians,mi,bat,dc,Delhi Daredevils,,,false,,,7.0,96fd40ae,Indian Premier League,35.0,,male
392216,2009,2009,2009-05-09,kimberley_debeers,Kimberley,deccan,pbks,Deccan Chargers,Kings XI Punjab,pbks,field,pbks,Kings XI Punjab,,,false,,,3.0,d18f9182,Indian Premier League,36.0,,male
392217,2009,2009,2009-05-09,kimberley_debeers,Kimberley,csk,rr,Chennai Super Kings,Rajasthan Royals,rr,bat,csk,Chennai Super Kings,,,false,,,7.0,3576e47e,Indian Premier League,37.0,,male
392218,2009,2009,2009-05-10,portelizabeth_stgeorges,Port Elizabeth,rcb,mi,Royal Challengers Bangalore,Mumbai Indians,mi,bat,mi,Mumbai Indians,,,false,,16.0,,2e8994e7,Indian Premier League,38.0,,male
392219,2009,2009,2009-05-10,johannesburg_wanderers,Johannesburg,dc,kkr,Delhi Daredevils,Kolkata Knight Riders,dc,field,dc,Delhi Daredevils,,,false,,,7.0,6b19d823,Indian Premier League,39.0,,male
392220,2009,2009,2009-05-11,kimberley_debeers,Kimberley,deccan,rr,Deccan Chargers,Rajasthan Royals,deccan,bat,deccan,Deccan Chargers,,,false,,53.0,,35205dfc,Indian Premier League,40.0,,male
392221,2009,2009,2009-05-12,centurion_supersport,Centurion,rcb,kkr,Royal Challengers Bangalore,Kolkata Knight Riders,rcb,field,rcb,Royal Challengers Bangalore,,,false,,,6.0,b61a3e1a,Indian Premier League,41.0,,male
392222,2009,2009,2009-05-12,centurion_supersport,Centurion,pbks,mi,Kings XI Punjab,Mumbai Indians,pbks,bat,mi,Mumbai Indians,,,false,,,8.0,8b5b6769,Indian Premier League,42.0,,male
392223,2009,2009,2009-05-13,durban_kingsmead,Durban,deccan,dc,Deccan Chargers,Delhi Daredevils,deccan,field,dc,Delhi Daredevils,,,false,,12.0,,33a364a6,Indian Premier League,43.0,,male
392224,2009,2009,2009-05-14,durban_kingsmead,Durban,rcb,csk,Royal Challengers Bangalore,Chennai Super Kings,csk,bat,rcb,Royal Challengers Bangalore,,,false,,,2.0,b61a3e1a,Indian Premier League,44.0,,male
392225,2009,2009,2009-05-14,durban_kingsmead,Durban,mi,rr,Mumbai Indians,Rajasthan Royals,rr,bat,rr,Rajasthan Royals,,,false,,2.0,,bb18be76,Indian Premier League,45.0,,male
392226,2009,2009,2009-05-15,bloemfontein_outsurance,Bloemfontein,dc,pbks,Delhi Daredevils,Kings XI Punjab,pbks,field,pbks,Kings XI Punjab,,,false,,,6.0,dd09ff8e,Indian Premier League,46.0,,male
392227,2009,2009,2009-05-16,portelizabeth_stgeorges,Port Elizabeth,csk,mi,Chennai Super Kings,Mumbai Indians,mi,bat,csk,Chennai Super Kings,,,false,,,7.0,d8699ab7,Indian Premier League,47.0,,male
392228,2009,2009,2009-05-16,johannesburg_wanderers,Johannesburg,deccan,kkr,Deccan Chargers,Kolkata Knight Riders,deccan,field,deccan,Deccan Chargers,,,false,,,6.0,740742ef,Indian Premier League,48.0,,male
392229,2009,2009,2009-05-17,johannesburg_wanderers,Johannesburg,deccan,pbks,Deccan Chargers,Kings XI Punjab,deccan,field,pbks,Kings XI Punjab,,,false,,1.0,,1c914163,Indian Premier League,49.0,,male
392230,2009,2009,2009-05-17,bloemfontein_outsurance,Bloemfontein,dc,rr,Delhi Daredevils,Rajasthan Royals,dc,bat,dc,Delhi Daredevils,,,false,,14.0,,c4487b84,Indian Premier League,50.0,,male
392231,2009,2009,2009-05-18,centurion_supersport,Centurion,csk,kkr,Chennai Super Kings,Kolkata Knight Riders,csk,bat,kkr,Kolkata Knight Riders,,,false,,,7.0,b57f8a9a,Indian Premier League,51.0,,male
392232,2009,2009,2009-05-19,johannesburg_wanderers,Johannesburg,rcb,dc,Royal Challengers Bangalore,Delhi Daredevils,dc,bat,rcb,Royal Challengers Bangalore,,,false,,,7.0,86dc8f2e,Indian Premier League,52.0,,male
392233,2009,2009,2009-05-20,durban_kingsmead,Durban,kkr,rr,Kolkata Knight Riders,Rajasthan Royals,kkr,field,kkr,Kolkata Knight Riders,,,false,,,4.0,b1451597,Indian Premier League,53.0,,male
392234,2009,2009,2009-05-20,durban_kingsmead,Durban,csk,pbks,Chennai Super Kings,Kings XI Punjab,csk,bat,csk,Chennai Super Kings,,,false,,24.0,,4ba44e19,Indian Premier League,54.0,,male
392235,2009,2009,2009-05-21,centurion_supersport,Centurion,dc,mi,Delhi Daredevils,Mumbai Indians,dc,field,dc,Delhi Daredevils,,,false,,,4.0,8ba8195d,Indian Premier League,55.0,,male
392236,2009,2009,2009-05-21,centurion_supersport,Centurion,rcb,deccan,Royal Challengers Bangalore,Deccan Chargers,rcb,bat,rcb,Royal Challengers Bangalore,,,false,,12.0,,93b4fc78,Indian Premier League,56.0,,male
392237,2009,2009,2009-05-22,centurion_supersport,Centurion,dc,deccan,Delhi Daredevils,Deccan Chargers,deccan,field,deccan,Deccan Chargers,,,false,,,6.0,2b6e6dec,Indian Premier League,,Semi Final,male
392238,2009,2009,2009-05-23,johannesburg_wanderers,Johannesburg,rcb,csk,Royal Challengers Bangalore,Chennai Super Kings,rcb,field,rcb,Royal Challengers Bangalore,,,false,,,6.0,93b4fc78,Indian Premier League,,Semi Final,male
392239,2009,2009,2009-05-24,johannesburg_wanderers,Johannesburg,rcb,deccan,Royal Challengers Bangalore,Deccan Chargers,rcb,field,deccan,Deccan Chargers,,,false,,6.0,,0c2730df,Indian Premier League,,Final,male
419106,2009/10,2010,2010-03-12,navimumbai_dypatil,Navi Mumbai,deccan,kkr,Deccan Chargers,Kolkata Knight Riders,deccan,field,kkr,Kolkata Knight Riders,,,false,,11.0,,896d78ad,Indian Premier League,1.0,,male
419107,2009/10,2010,2010-03-13,mumbai_brabourne,Mumbai,mi,rr,Mumbai Indians,Rajasthan Royals,mi,bat,mi,Mumbai Indians,,,false,,4.0,,3c6ffae8,Indian Premier League,2.0,,male
419108,2009/10,2010,2010-03-13,mohali_pca,Mohali,pbks,dc,Kings XI Punjab,Delhi Daredevils,dc,field,dc,Delhi Daredevils,,,false,,,5.0,bb345e0b,Indian Premier League,3.0,,male
419109,2009/10,2010,2010-03-14,kolkata_eden,Kolkata,kkr,rcb,Kolkata Knight Riders,Royal Challengers Bangalore,kkr,field,kkr,Kolkata Knight Riders,,,false,,,7.0,26e5cabf,Indian Premier League,4.0,,male
419110,2009/10,2010,2010-03-14,chennai_chepauk,Chennai,csk,deccan,Chennai Super Kings,Deccan Chargers,deccan,bat,deccan,Deccan Chargers,,,false,,31.0,,bcce309e,Indian Premier League,5.0,,male
419111,2009/10,2010,2010-03-15,ahmedabad_narendramodi,Ahmedabad,rr,dc,Rajasthan Royals,Delhi Daredevils,dc,field,dc,Delhi Daredevils,,,false,,,6.0,8ba8195d,Indian Premier League,6.0,,male
419112,2009/10,2010,2010-03-16,bengaluru_chinnaswamy,Bengaluru,rcb,pbks,Royal Challengers Bangalore,Kings XI Punjab,pbks,bat,rcb,Royal Challengers Bangalore,,,false,,,8.0,86dc8f2e,Indian Premier League,7.0,,male
419113,2009/10,2010,2010-03-16,kolkata_eden,Kolkata,kkr,csk,Kolkata Knight Riders,Chennai Super Kings,csk,bat,csk,Chennai Super Kings,,,false,,55.0,,4a8a2e3b,Indian Premier League,8.0,,male
419114,2009/10,2010,2010-03-17,delhi_kotla,Delhi,dc,mi,Delhi Daredevils,Mumbai Indians,dc,field,mi,Mumbai Indians,,,false,,98.0,,d2c2b2d5,Indian Premier League,9.0,,male
419115,2009/10,2010,2010-03-18,bengaluru_chinnaswamy,Bengaluru,rcb,rr,Royal Challengers Bangalore,Rajasthan Royals,rcb,field,rcb,Royal Challengers Bangalore,,,false,,,10.0,86dc8f2e,Indian Premier League,10.0,,male
419116,2009/10,2010,2010-03-19,delhi_kotla,Delhi,dc,csk,Delhi Daredevils,Chennai Super Kings,dc,bat,csk,Chennai Super Kings,,,false,,,5.0,d8699ab7,Indian Premier League,11.0,,male
419117,2009/10,2010,2010-03-19,cuttack_barabati,Cuttack,deccan,pbks,Deccan Chargers,Kings XI Punjab,pbks,field,deccan,Deccan Chargers,,,false,,6.0,,bd77eb62,Indian Premier League,12.0,,male
419118,2009/10,2010,2010-03-20,ahmedabad_narendramodi,Ahmedabad,rr,kkr,Rajasthan Royals,Kolkata Knight Riders,rr,bat,rr,Rajasthan Royals,,,false,,34.0,,2815fe50,Indian Premier League,13.0,,male
419119,2009/10,2010,2010-03-20,mumbai_brabourne,Mumbai,mi,rcb,Mumbai Indians,Royal Challengers Bangalore,mi,bat,rcb,Royal Challengers Bangalore,,,false,,,7.0,86dc8f2e,Indian Premier League,14.0,,male
419120,2009/10,2010,2010-03-21,cuttack_barabati,Cuttack,deccan,dc,Deccan Chargers,Delhi Daredevils,deccan,bat,deccan,Deccan Chargers,,,false,,10.0,,bd77eb62,Indian Premier League,15.0,,male
419121,2009/10,2010,2010-03-21,chennai_chepauk,Chennai,csk,pbks,Chennai Super Kings,Kings XI Punjab,csk,field,,,tie,,true,pbks,,,dec8e038,Indian Premier League,16.0,,male
419122,2009/10,2010,2010-03-22,mumbai_brabourne,Mumbai,mi,kkr,Mumbai Indians,Kolkata Knight Riders,kkr,bat,mi,Mumbai Indians,,,false,,,7.0,d2c2b2d5,Indian Premier League,17.0,,male
419123,2009/10,2010,2010-03-23,bengaluru_chinnaswamy,Bengaluru,rcb,csk,Royal Challengers Bangalore,Chennai Super Kings,csk,field,rcb,Royal Challengers Bangalore,,,false,,36.0,,1c17e270,Indian Premier League,18.0,,male
419124,2009/10,2010,2010-03-24,mohali_pca,Mohali,pbks,rr,Kings XI Punjab,Rajasthan Royals,pbks,field,rr,Rajasthan Royals,,,false,,31.0,,864c199e,Indian Premier League,19.0,,male
419125,2009/10,2010,2010-03-25,mumbai_brabourne,Mumbai,csk,mi,Chennai Super Kings,Mumbai Indians,mi,field,mi,Mumbai Indians,,,false,,,5.0,d2c2b2d5,Indian Premier League,21.0,,male
419126,2009/10,2010,2010-03-26,ahmedabad_narendramodi,Ahmedabad,rr,deccan,Rajasthan Royals,Deccan Chargers,deccan,bat,rr,Rajasthan Royals,,,false,,,8.0,3c6ffae8,Indian Premier League,22.0,,male
419127,2009/10,2010,2010-03-27,mohali_pca,Mohali,pbks,kkr,Kings XI Punjab,Kolkata Knight Riders,kkr,bat,kkr,Kolkata Knight Riders,,,false,,39.0,,26e5cabf,Indian Premier League,23.0,,male
419128,2009/10,2010,2010-03-25,bengaluru_chinnaswamy,Bengaluru,rcb,dc,Royal Challengers Bangalore,Delhi Daredevils,rcb,field,dc,Delhi Daredevils,,,false,,17.0,,99d63244,Indian Premier League,20.0,,male
419129,2009/10,2010,2010-03-28,ahmedabad_narendramodi,Ahmedabad,rr,csk,Rajasthan Royals,Chennai Super Kings,rr,bat,rr,Rajasthan Royals,,,false,,17.0,,890946a0,Indian Premier League,24.0,,male
419130,2009/10,2010,2010-03-28,navimumbai_dypatil,Navi Mumbai,deccan,mi,Deccan Chargers,Mumbai Indians,deccan,field,mi,Mumbai Indians,,,false,,41.0,,8b5b6769,Indian Premier League,25.0,,male
419131,2009/10,2010,2010-03-29,delhi_kotla,Delhi,dc,kkr,Delhi Daredevils,Kolkata Knight Riders,dc,bat,dc,Delhi Daredevils,,,false,,40.0,,dcce6f09,Indian Premier League,26.0,,male
419132,2009/10,2010,2010-03-30,mumbai_brabourne,Mumbai,mi,pbks,Mumbai Indians,Kings XI Punjab,mi,field,mi,Mumbai Indians,,,false,,,4.0,a12e1d51,Indian Premier League,27.0,,male
419133,2009/10,2010,2010-03-31,chennai_chepauk,Chennai,csk,rcb,Chennai Super Kings,Royal Challengers Bangalore,rcb,bat,csk,Chennai Super Kings,,,false,,,5.0,4b57e452,Indian Premier League,28.0,,male
419134,2009/10,2010,2010-03-31,delhi_kotla,Delhi,dc,rr,Delhi Daredevils,Rajasthan Royals,dc,bat,dc,Delhi Daredevils,,,false,,67.0,,c03f1114,Indian Premier League,29.0,,male
419135,2009/10,2010,2010-04-01,kolkata_eden,Kolkata,kkr,deccan,Kolkata Knight Riders,Deccan Chargers,kkr,bat,kkr,Kolkata Knight Riders,,,false,,24.0,,725529bc,Indian Premier League,30.0,,male
419136,2009/10,2010,2010-04-02,mohali_pca,Mohali,pbks,rcb,Kings XI Punjab,Royal Challengers Bangalore,pbks,bat,rcb,Royal Challengers Bangalore,,,false,,,6.0,39f01cdb,Indian Premier League,31.0,,male
419137,2009/10,2010,2010-04-03,chennai_chepauk,Chennai,csk,rr,Chennai Super Kings,Rajasthan Royals,csk,bat,csk,Chennai Super Kings,,,false,,23.0,,4b57e452,Indian Premier League,32.0,,male
419138,2009/10,2010,2010-04-03,mumbai_brabourne,Mumbai,mi,deccan,Mumbai Indians,Deccan Chargers,mi,bat,mi,Mumbai Indians,,,false,,63.0,,70d205c9,Indian Premier League,33.0,,male
419139,2009/10,2010,2010-04-04,kolkata_eden,Kolkata,kkr,pbks,Kolkata Knight Riders,Kings XI Punjab,kkr,bat,pbks,Kings XI Punjab,,,false,,,8.0,d18f9182,Indian Premier League,34.0,,male
419140,2009/10,2010,2010-04-04,delhi_kotla,Delhi,dc,rcb,Delhi Daredevils,Royal Challengers Bangalore,dc,bat,dc,Delhi Daredevils,,,false,,37.0,,a386e91b,Indian Premier League,35.0,,male
419141,2009/10,2010,2010-04-05,nagpur_vca,Nagpur,deccan,rr,Deccan Chargers,Rajasthan Royals,rr,bat,rr,Rajasthan Royals,,,false,,2.0,,bb18be76,Indian Premier League,36.0,,male
419142,2009/10,2010,2010-04-06,chennai_chepauk,Chennai,csk,mi,Chennai Super Kings,Mumbai Indians,csk,bat,csk,Chennai Super Kings,,,false,,24.0,,1dc12ab9,Indian Premier League,37.0,,male
419143,2009/10,2010,2010-04-07,jaipur_sawaimansingh,Jaipur,rr,pbks,Rajasthan Royals,Kings XI Punjab,pbks,bat,rr,Rajasthan Royals,,,false,,,9.0,11df3dc8,Indian Premier League,38.0,,male
419144,2009/10,2010,2010-04-07,kolkata_eden,Kolkata,kkr,dc,Kolkata Knight Riders,Delhi Daredevils,kkr,bat,kkr,Kolkata Knight Riders,,,false,,14.0,,725529bc,Indian Premier League,39.0,,male
419145,2009/10,2010,2010-04-08,bengaluru_chinnaswamy,Bengaluru,rcb,deccan,Royal Challengers Bangalore,Deccan Chargers,deccan,field,deccan,Deccan Chargers,,,false,,,7.0,aaa1b522,Indian Premier League,40.0,,male
419146,2009/10,2010,2010-04-09,mohali_pca,Mohali,pbks,mi,Kings XI Punjab,Mumbai Indians,mi,bat,pbks,Kings XI Punjab,,,false,,,6.0,6b71e6cf,Indian Premier League,41.0,,male
419147,2009/10,2010,2010-04-10,nagpur_vca,Nagpur,deccan,csk,Deccan Chargers,Chennai Super Kings,csk,bat,deccan,Deccan Chargers,,,false,,,6.0,12eddf28,Indian Premier League,42.0,,male
419148,2009/10,2010,2010-04-10,bengaluru_chinnaswamy,Bengaluru,rcb,kkr,Royal Challengers Bangalore,Kolkata Knight Riders,rcb,field,rcb,Royal Challengers Bangalore,,,false,,,7.0,41eb4a4f,Indian Premier League,43.0,,male
419149,2009/10,2010,2010-04-11,delhi_kotla,Delhi,dc,pbks,Delhi Daredevils,Kings XI Punjab,dc,bat,pbks,Kings XI Punjab,,,false,,,7.0,98ae73b1,Indian Premier League,44.0,,male
419150,2009/10,2010,2010-04-11,jaipur_sawaimansingh,Jaipur,rr,mi,Rajasthan Royals,Mumbai Indians,rr,field,mi,Mumbai Indians,,,false,,37.0,,d2c2b2d5,Indian Premier League,45.0,,male
419151,2009/10,2010,2010-04-12,nagpur_vca,Nagpur,deccan,rcb,Deccan Chargers,Royal Challengers Bangalore,rcb,field,deccan,Deccan Chargers,,,false,,13.0,,2a72fd4f,Indian Premier League,46.0,,male
419152,2009/10,2010,2010-04-13,mumbai_brabourne,Mumbai,mi,dc,Mumbai Indians,Delhi Daredevils,mi,bat,mi,Mumbai Indians,,,false,,39.0,,a757b0d8,Indian Premier League,47.0,,male
419153,2009/10,2010,2010-04-13,chennai_chepauk,Chennai,csk,kkr,Chennai Super Kings,Kolkata Knight Riders,kkr,bat,csk,Chennai Super Kings,,,false,,,9.0,495d42a5,Indian Premier League,48.0,,male
419154,2009/10,2010,2010-04-14,jaipur_sawaimansingh,Jaipur,rr,rcb,Rajasthan Royals,Royal Challengers Bangalore,rr,bat,rcb,Royal Challengers Bangalore,,,false,,,5.0,39f01cdb,Indian Premier League,49.0,,male
419155,2009/10,2010,2010-04-15,chennai_chepauk,Chennai,csk,dc,Chennai Super Kings,Delhi Daredevils,csk,bat,dc,Delhi Daredevils,,,false,,,6.0,bb345e0b,Indian Premier League,50.0,,male
419156,2009/10,2010,2010-04-16,dharamsala_hpca,Dharamsala,pbks,deccan,Kings XI Punjab,Deccan Chargers,deccan,field,deccan,Deccan Chargers,,,false,,,5.0,740742ef,Indian Premier League,51.0,,male
419157,2009/10,2010,2010-04-17,bengaluru_chinnaswamy,Bengaluru,rcb,mi,Royal Challengers Bangalore,Mumbai Indians,rcb,field,mi,Mumbai Indians,,,false,,57.0,,c654af19,Indian Premier League,52.0,,male
419158,2009/10,2010,2010-04-17,kolkata_eden,Kolkata,kkr,rr,Kolkata Knight Riders,Rajasthan Royals,rr,bat,kkr,Kolkata Knight Riders,,,false,,,8.0,1e66c162,Indian Premier League,53.0,,male
419159,2009/10,2010,2010-04-18,dharamsala_hpca,Dharamsala,pbks,csk,Kings XI Punjab,Chennai Super Kings,csk,field,csk,Chennai Super Kings,,,false,,,6.0,4a8a2e3b,Indian Premier League,54.0,,male
419160,2009/10,2010,2010-04-18,delhi_kotla,Delhi,dc,deccan,Delhi Daredevils,Deccan Chargers,deccan,bat,deccan,Deccan Chargers,,,false,,11.0,,bd77eb62,Indian Premier League,55.0,,male
419161,2009/10,2010,2010-04-19,kolkata_eden,Kolkata,kkr,mi,Kolkata Knight Riders,Mumbai Indians,mi,bat,kkr,Kolkata Knight Riders,,,false,,,9.0,abfeb126,Indian Premier League,56.0,,male
419162,2009/10,2010,2010-04-21,navimumbai_dypatil,Navi Mumbai,rcb,mi,Royal Challengers Bangalore,Mumbai Indians,mi,bat,mi,Mumbai Indians,,,false,,35.0,,a757b0d8,Indian Premier League,,Semi Final,male
419163,2009/10,2010,2010-04-22,navimumbai_dypatil,Navi Mumbai,csk,deccan,Chennai Super Kings,Deccan Chargers,csk,bat,csk,Chennai Super Kings,,,false,,38.0,,45c2196c,Indian Premier League,,Semi Final,male
419164,2009/10,2010,2010-04-24,navimumbai_dypatil,Navi Mumbai,rcb,deccan,Royal Challengers Bangalore,Deccan Chargers,deccan,bat,rcb,Royal Challengers Bangalore,,,false,,,9.0,0c2730df,Indian Premier League,,3rd Place Play-Off,male
419165,2009/10,2010,2010-04-25,navimumbai_dypatil,Navi Mumbai,csk,mi,Chennai Super Kings,Mumbai Indians,csk,bat,csk,Chennai Super Kings,,,false,,22.0,,1dc12ab9,Indian Premier League,,Final,male
501198,2011,2011,2011-04-08,chennai_chepauk,Chennai,csk,kkr,Chennai Super Kings,Kolkata Knight Riders,csk,bat,csk,Chennai Super Kings,,,false,,2.0,,95a2ea61,Indian Premier League,1.0,,male
501199,2011,2011,2011-04-09,hyderabad_rajivgandhi,Hyderabad,deccan,rr,Deccan Chargers,Rajasthan Royals,rr,field,rr,Rajasthan Royals,,,false,,,8.0,3d7e087f,Indian Premier League,2.0,,male
501200,2011,2011,2011-04-09,kochi_nehru,Kochi,ktk,rcb,Kochi Tuskers Kerala,Royal Challengers Bangalore,ktk,bat,rcb,Royal Challengers Bangalore,,,false,,,6.0,c4487b84,Indian Premier League,3.0,,male
501201,2011,2011,2011-04-10,delhi_kotla,Delhi,dc,mi,Delhi Daredevils,Mumbai Indians,dc,bat,mi,Mumbai Indians,,,false,,,8.0,a12e1d51,Indian Premier League,4.0,,male
501202,2011,2011,2011-04-10,navimumbai_dypatil,Navi Mumbai,pwi,pbks,Pune Warriors,Kings XI Punjab,pbks,bat,pwi,Pune Warriors,,,false,,,7.0,dddca1d6,Indian Premier League,5.0,,male
501203,2011,2011,2011-04-11,kolkata_eden,Kolkata,kkr,deccan,Kolkata Knight Riders,Deccan Chargers,kkr,bat,kkr,Kolkata Knight Riders,,,false,,9.0,,86dc8f2e,Indian Premier League,6.0,,male
501204,2011,2011,2011-04-12,jaipur_sawaimansingh,Jaipur,rr,dc,Rajasthan Royals,Delhi Daredevils,dc,bat,rr,Rajasthan Royals,,,false,,,6.0,bb18be76,Indian Premier League,7.0,,male
501205,2011,2011,2011-04-12,bengaluru_chinnaswamy,Bengaluru,rcb,mi,Royal Challengers Bangalore,Mumbai Indians,mi,field,mi,Mumbai Indians,,,false,,,9.0,d2c2b2d5,Indian Premier League,8.0,,male
501206,2011,2011,2011-04-13,mohali_pca,Mohali,pbks,csk,Kings XI Punjab,Chennai Super Kings,pbks,field,pbks,Kings XI Punjab,,,false,,,6.0,25eeb281,Indian Premier League,9.0,,male
501207,2011,2011,2011-04-13,navimumbai_dypatil,Navi Mumbai,pwi,ktk,Pune Warriors,Kochi Tuskers Kerala,ktk,bat,pwi,Pune Warriors,,,false,,,4.0,6afb26d6,Indian Premier League,10.0,,male
501208,2011,2011,2011-04-14,hyderabad_rajivgandhi,Hyderabad,deccan,rcb,Deccan Chargers,Royal Challengers Bangalore,rcb,field,deccan,Deccan Chargers,,,false,,33.0,,8fd1a8f5,Indian Premier League,11.0,,male
501209,2011,2011,2011-04-15,jaipur_sawaimansingh,Jaipur,rr,kkr,Rajasthan Royals,Kolkata Knight Riders,kkr,field,kkr,Kolkata Knight Riders,,,false,,,9.0,bb345e0b,Indian Premier League,12.0,,male
501210,2011,2011,2011-04-15,mumbai_wankhede,Mumbai,mi,ktk,Mumbai Indians,Kochi Tuskers Kerala,ktk,field,ktk,Kochi Tuskers Kerala,,,false,,,8.0,b8a55852,Indian Premier League,13.0,,male
501211,2011,2011,2011-04-16,chennai_chepauk,Chennai,csk,rcb,Chennai Super Kings,Royal Challengers Bangalore,csk,bat,csk,Chennai Super Kings,,,false,,21.0,,48fd7349,Indian Premier League,14.0,,male
501212,2011,2011,2011-04-16,hyderabad_rajivgandhi,Hyderabad,deccan,pbks,Deccan Chargers,Kings XI Punjab,pbks,field,pbks,Kings XI Punjab,,,false,,,8.0,25eeb281,Indian Premier League,15.0,,male
501213,2011,2011,2011-04-17,navimumbai_dypatil,Navi Mumbai,pwi,dc,Pune Warriors,Delhi Daredevils,dc,field,dc,Delhi Daredevils,,,false,,,3.0,1c914163,Indian Premier League,16.0,,male
501214,2011,2011,2011-04-17,kolkata_eden,Kolkata,kkr,rr,Kolkata Knight Riders,Rajasthan Royals,kkr,field,kkr,Kolkata Knight Riders,,,false,,,8.0,b2b50355,Indian Premier League,17.0,,male
501215,2011,2011,2011-04-18,kochi_nehru,Kochi,ktk,csk,Kochi Tuskers Kerala,Chennai Super Kings,ktk,field,ktk,Kochi Tuskers Kerala,,D/L,false,,,7.0,b8a55852,Indian Premier League,18.0,,male
501216,2011,2011,2011-04-19,delhi_kotla,Delhi,dc,deccan,Delhi Daredevils,Deccan Chargers,deccan,bat,deccan,Deccan Chargers,,,false,,16.0,,3fca55af,Indian Premier League,19.0,,male
501218,2011,2011,2011-04-20,mumbai_wankhede,Mumbai,mi,pwi,Mumbai Indians,Pune Warriors,pwi,bat,mi,Mumbai Indians,,,false,,,7.0,f0f628c7,Indian Premier League,21.0,,male
501219,2011,2011,2011-04-20,kolkata_eden,Kolkata,kkr,ktk,Kolkata Knight Riders,Kochi Tuskers Kerala,kkr,field,ktk,Kochi Tuskers Kerala,,,false,,6.0,,d18f9182,Indian Premier League,22.0,,male
501220,2011,2011,2011-04-21,mohali_pca,Mohali,pbks,rr,Kings XI Punjab,Rajasthan Royals,rr,field,pbks,Kings XI Punjab,,,false,,48.0,,508a1ea7,Indian Premier League,23.0,,male
501221,2011,2011,2011-04-22,mumbai_wankhede,Mumbai,mi,csk,Mumbai Indians,Chennai Super Kings,csk,field,mi,Mumbai Indians,,,false,,8.0,,8b5b6769,Indian Premier League,25.0,,male
501222,2011,2011,2011-04-22,kolkata_eden,Kolkata,kkr,rcb,Kolkata Knight Riders,Royal Challengers Bangalore,rcb,field,rcb,Royal Challengers Bangalore,,,false,,,9.0,db584dad,Indian Premier League,24.0,,male
501223,2011,2011,2011-04-23,delhi_kotla,Delhi,dc,pbks,Delhi Daredevils,Kings XI Punjab,pbks,field,dc,Delhi Daredevils,,,false,,29.0,,dcce6f09,Indian Premier League,26.0,,male
501224,2011,2011,2011-04-24,hyderabad_rajivgandhi,Hyderabad,deccan,mi,Deccan Chargers,Mumbai Indians,deccan,field,mi,Mumbai Indians,,,false,,37.0,,a12e1d51,Indian Premier League,27.0,,male
501225,2011,2011,2011-04-24,jaipur_sawaimansingh,Jaipur,rr,ktk,Rajasthan Royals,Kochi Tuskers Kerala,rr,field,rr,Rajasthan Royals,,,false,,,8.0,bb18be76,Indian Premier League,28.0,,male
501226,2011,2011,2011-04-25,chennai_chepauk,Chennai,csk,pwi,Chennai Super Kings,Pune Warriors,pwi,field,csk,Chennai Super Kings,,,false,,25.0,,48fd7349,Indian Premier League,29.0,,male
501227,2011,2011,2011-04-26,delhi_kotla,Delhi,dc,rcb,Delhi Daredevils,Royal Challengers Bangalore,rcb,field,rcb,Royal Challengers Bangalore,,,false,,,3.0,ba607b88,Indian Premier League,30.0,,male
501228,2011,2011,2011-04-27,navimumbai_dypatil,Navi Mumbai,pwi,csk,Pune Warriors,Chennai Super Kings,pwi,bat,csk,Chennai Super Kings,,,false,,,8.0,45c2196c,Indian Premier League,31.0,,male
501229,2011,2011,2011-04-27,kochi_nehru,Kochi,ktk,deccan,Kochi Tuskers Kerala,Deccan Chargers,ktk,field,deccan,Deccan Chargers,,,false,,55.0,,5bb1a1c4,Indian Premier League,32.0,,male
501230,2011,2011,2011-04-28,delhi_kotla,Delhi,dc,kkr,Delhi Daredevils,Kolkata Knight Riders,dc,field,kkr,Kolkata Knight Riders,,,false,,17.0,,26e5cabf,Indian Premier League,33.0,,male
501231,2011,2011,2011-04-29,jaipur_sawaimansingh,Jaipur,rr,mi,Rajasthan Royals,Mumbai Indians,rr,field,rr,Rajasthan Royals,,,false,,,7.0,7c503806,Indian Premier League,34.0,,male
501232,2011,2011,2011-04-29,bengaluru_chinnaswamy,Bengaluru,rcb,pwi,Royal Challengers Bangalore,Pune Warriors,pwi,field,rcb,Royal Challengers Bangalore,,,false,,26.0,,ba607b88,Indian Premier League,35.0,,male
501233,2011,2011,2011-04-30,kochi_nehru,Kochi,ktk,dc,Kochi Tuskers Kerala,Delhi Daredevils,dc,bat,dc,Delhi Daredevils,,,false,,38.0,,8ba8195d,Indian Premier League,36.0,,male
501234,2011,2011,2011-04-30,kolkata_eden,Kolkata,kkr,pbks,Kolkata Knight Riders,Kings XI Punjab,kkr,field,kkr,Kolkata Knight Riders,,,false,,,8.0,85aae393,Indian Premier League,37.0,,male
501235,2011,2011,2011-05-01,jaipur_sawaimansingh,Jaipur,rr,pwi,Rajasthan Royals,Pune Warriors,rr,field,rr,Rajasthan Royals,,,false,,,6.0,b61a3e1a,Indian Premier League,38.0,,male
501236,2011,2011,2011-05-01,chennai_chepauk,Chennai,csk,deccan,Chennai Super Kings,Deccan Chargers,csk,bat,csk,Chennai Super Kings,,,false,,19.0,,c3d35165,Indian Premier League,39.0,,male
501237,2011,2011,2011-05-02,mumbai_wankhede,Mumbai,mi,pbks,Mumbai Indians,Kings XI Punjab,pbks,field,mi,Mumbai Indians,,,false,,23.0,,a757b0d8,Indian Premier League,40.0,,male
501238,2011,2011,2011-05-02,delhi_kotla,Delhi,dc,ktk,Delhi Daredevils,Kochi Tuskers Kerala,ktk,field,ktk,Kochi Tuskers Kerala,,,false,,,7.0,0c432afb,Indian Premier League,41.0,,male
501239,2011,2011,2011-05-03,hyderabad_rajivgandhi,Hyderabad,deccan,kkr,Deccan Chargers,Kolkata Knight Riders,deccan,field,kkr,Kolkata Knight Riders,,,false,,20.0,,3c6ffae8,Indian Premier League,42.0,,male
501240,2011,2011,2011-05-04,chennai_chepauk,Chennai,csk,rr,Chennai Super Kings,Rajasthan Royals,rr,bat,csk,Chennai Super Kings,,,false,,,8.0,48fd7349,Indian Premier League,43.0,,male
501241,2011,2011,2011-05-04,navimumbai_dypatil,Navi Mumbai,pwi,mi,Pune Warriors,Mumbai Indians,pwi,field,mi,Mumbai Indians,,,false,,21.0,,5d9a1a73,Indian Premier League,44.0,,male
501242,2011,2011,2011-05-05,kochi_nehru,Kochi,ktk,kkr,Kochi Tuskers Kerala,Kolkata Knight Riders,kkr,field,ktk,Kochi Tuskers Kerala,,,false,,17.0,,b57f8a9a,Indian Premier League,45.0,,male
501243,2011,2011,2011-05-05,hyderabad_rajivgandhi,Hyderabad,deccan,dc,Deccan Chargers,Delhi Daredevils,dc,field,dc,Delhi Daredevils,,,false,,,4.0,8ba8195d,Indian Premier League,46.0,,male
501244,2011,2011,2011-05-06,bengaluru_chinnaswamy,Bengaluru,rcb,pbks,Royal Challengers Bangalore,Kings XI Punjab,pbks,field,rcb,Royal Challengers Bangalore,,,false,,85.0,,db584dad,Indian Premier League,47.0,,male
501245,2011,2011,2011-05-07,kolkata_eden,Kolkata,kkr,csk,Kolkata Knight Riders,Chennai Super Kings,csk,bat,kkr,Kolkata Knight Riders,,D/L,false,,10.0,,85aae393,Indian Premier League,48.0,,male
501246,2011,2011,2011-05-07,mumbai_wankhede,Mumbai,mi,dc,Mumbai Indians,Delhi Daredevils,dc,field,mi,Mumbai Indians,,,false,,32.0,,70d205c9,Indian Premier League,49.0,,male
501247,2011,2011,2011-05-08,bengaluru_chinnaswamy,Bengaluru,rcb,ktk,Royal Challengers Bangalore,Kochi Tuskers Kerala,ktk,bat,rcb,Royal Challengers Bangalore,,,false,,,9.0,db584dad,Indian Premier League,50.0,,male
501248,2011,2011,2011-05-08,mohali_pca,Mohali,pbks,pwi,Kings XI Punjab,Pune Warriors,pbks,bat,pwi,Pune Warriors,,,false,,,5.0,5d9a1a73,Indian Premier League,51.0,,male
501249,2011,2011,2011-05-09,jaipur_sawaimansingh,Jaipur,rr,csk,Rajasthan Royals,Chennai Super Kings,rr,field,csk,Chennai Super Kings,,,false,,63.0,,4b57e452,Indian Premier League,52.0,,male
501250,2011,2011,2011-05-10,hyderabad_rajivgandhi,Hyderabad,deccan,pwi,Deccan Chargers,Pune Warriors,deccan,bat,pwi,Pune Warriors,,,false,,,6.0,3d8feaf8,Indian Premier League,53.0,,male
501251,2011,2011,2011-05-10,mohali_pca,Mohali,pbks,mi,Kings XI Punjab,Mumbai Indians,mi,field,pbks,Kings XI Punjab,,,false,,76.0,,dc4686e6,Indian Premier League,54.0,,male
501252,2011,2011,2011-05-11,jaipur_sawaimansingh,Jaipur,rr,rcb,Rajasthan Royals,Royal Challengers Bangalore,rcb,field,rcb,Royal Challengers Bangalore,,,false,,,9.0,957532de,Indian Premier League,55.0,,male
501253,2011,2011,2011-05-12,chennai_chepauk,Chennai,csk,dc,Chennai Super Kings,Delhi Daredevils,csk,bat,csk,Chennai Super Kings,,,false,,18.0,,4a8a2e3b,Indian Premier League,56.0,,male
501254,2011,2011,2011-05-13,indore_holkar,Indore,ktk,pbks,Kochi Tuskers Kerala,Kings XI Punjab,pbks,field,pbks,Kings XI Punjab,,,false,,,6.0,c03f1114,Indian Premier League,57.0,,male
501255,2011,2011,2011-05-14,bengaluru_chinnaswamy,Bengaluru,rcb,kkr,Royal Challengers Bangalore,Kolkata Knight Riders,rcb,field,rcb,Royal Challengers Bangalore,,D/L,false,,,4.0,db584dad,Indian Premier League,58.0,,male
501256,2011,2011,2011-05-14,mumbai_wankhede,Mumbai,mi,deccan,Mumbai Indians,Deccan Chargers,deccan,bat,deccan,Deccan Chargers,,,false,,10.0,,6b19d823,Indian Premier League,59.0,,male
501257,2011,2011,2011-05-15,dharamsala_hpca,Dharamsala,pbks,dc,Kings XI Punjab,Delhi Daredevils,dc,field,pbks,Kings XI Punjab,,,false,,29.0,,98ae73b1,Indian Premier League,60.0,,male
501258,2011,2011,2011-05-15,indore_holkar,Indore,ktk,rr,Kochi Tuskers Kerala,Rajasthan Royals,ktk,field,ktk,Kochi Tuskers Kerala,,,false,,,8.0,b57f8a9a,Indian Premier League,61.0,,male
501259,2011,2011,2011-05-16,navimumbai_dypatil,Navi Mumbai,pwi,deccan,Pune Warriors,Deccan Chargers,deccan,field,deccan,Deccan Chargers,,,false,,,6.0,6b19d823,Indian Premier League,62.0,,male
501260,2011,2011,2011-05-17,dharamsala_hpca,Dharamsala,pbks,rcb,Kings XI Punjab,Royal Challengers Bangalore,pbks,bat,pbks,Kings XI Punjab,,,false,,111.0,,2b6e6dec,Indian Premier League,63.0,,male
501261,2011,2011,2011-05-18,chennai_chepauk,Chennai,csk,ktk,Chennai Super Kings,Kochi Tuskers Kerala,csk,bat,csk,Chennai Super Kings,,,false,,11.0,,fe11caa6,Indian Premier League,64.0,,male
501262,2011,2011,2011-05-19,navimumbai_dypatil,Navi Mumbai,pwi,kkr,Pune Warriors,Kolkata Knight Riders,kkr,field,kkr,Kolkata Knight Riders,,,false,,,7.0,3c6ffae8,Indian Premier League,65.0,,male
501263,2011,2011,2011-05-20,mumbai_wankhede,Mumbai,mi,rr,Mumbai Indians,Rajasthan Royals,mi,bat,rr,Rajasthan Royals,,,false,,,10.0,4329fbb5,Indian Premier League,66.0,,male
501264,2011,2011,2011-05-21,dharamsala_hpca,Dharamsala,pbks,deccan,Kings XI Punjab,Deccan Chargers,pbks,field,deccan,Deccan Chargers,,,false,,82.0,,0a476045,Indian Premier League,67.0,,male
501265,2011,2011,2011-05-21,delhi_kotla,Delhi,dc,pwi,Delhi Daredevils,Pune Warriors,dc,bat,,,no result,,false,,,,,Indian Premier League,68.0,,male
501266,2011,2011,2011-05-22,bengaluru_chinnaswamy,Bengaluru,rcb,csk,Royal Challengers Bangalore,Chennai Super Kings,rcb,field,rcb,Royal Challengers Bangalore,,,false,,,8.0,db584dad,Indian Premier League,69.0,,male
501267,2011,2011,2011-05-22,kolkata_eden,Kolkata,kkr,mi,Kolkata Knight Riders,Mumbai Indians,mi,field,mi,Mumbai Indians,,,false,,,5.0,cf73ad76,Indian Premier League,70.0,,male
501268,2011,2011,2011-05-24,mumbai_wankhede,Mumbai,rcb,csk,Royal Challengers Bangalore,Chennai Super Kings,csk,field,csk,Chennai Super Kings,,,false,,,6.0,1dc12ab9,Indian Premier League,,Qualifier 1,male
501269,2011,2011,2011-05-25,mumbai_wankhede,Mumbai,mi,kkr,Mumbai Indians,Kolkata Knight Riders,mi,field,mi,Mumbai Indians,,,false,,,4.0,f0f628c7,Indian Premier League,,Elimination Final,male
501270,2011,2011,2011-05-27,chennai_chepauk,Chennai,rcb,mi,Royal Challengers Bangalore,Mumbai Indians,mi,field,rcb,Royal Challengers Bangalore,,,false,,43.0,,db584dad,Indian Premier League,,Qualifier 2,male
501271,2011,2011,2011-05-28,chennai_chepauk,Chennai,csk,rcb,Chennai Super Kings,Royal Challengers Bangalore,csk,bat,csk,Chennai Super Kings,,,false,,58.0,,4b57e452,Indian Premier League,,Final,male
548306,2012,2012,2012-04-04,chennai_chepauk,Chennai,csk,mi,Chennai Super Kings,Mumbai Indians,mi,field,mi,Mumbai Indians,,,false,,,8.0,18c78b11,Indian Premier League,1.0,,male
548307,2012,2012,2012-04-05,kolkata_eden,Kolkata,kkr,dc,Kolkata Knight Riders,Delhi Daredevils,dc,field,dc,Delhi Daredevils,,,false,,,8.0,5fa06777,Indian Premier League,2.0,,male
548308,2012,2012,2012-04-06,mumbai_wankhede,Mumbai,mi,pwi,Mumbai Indians,Pune Warriors,mi,field,pwi,Pune Warriors,,,false,,28.0,,30a45b23,Indian Premier League,3.0,,male
548309,2012,2012,2012-04-06,jaipur_sawaimansingh,Jaipur,rr,pbks,Rajasthan Royals,Kings XI Punjab,pbks,field,rr,Rajasthan Royals,,,false,,31.0,,29e95537,Indian Premier League,4.0,,male
548310,2012,2012,2012-04-07,bengaluru_chinnaswamy,Bengaluru,rcb,dc,Royal Challengers Bangalore,Delhi Daredevils,dc,field,rcb,Royal Challengers Bangalore,,,false,,20.0,,c4487b84,Indian Premier League,5.0,,male
548311,2012,2012,2012-04-07,vizag_acavdca,Visakhapatnam,deccan,csk,Deccan Chargers,Chennai Super Kings,deccan,field,csk,Chennai Super Kings,,,false,,74.0,,fe93fd9d,Indian Premier League,6.0,,male
548312,2012,2012,2012-04-08,jaipur_sawaimansingh,Jaipur,rr,kkr,Rajasthan Royals,Kolkata Knight Riders,kkr,field,rr,Rajasthan Royals,,,false,,22.0,,b57f8a9a,Indian Premier League,7.0,,male
548313,2012,2012,2012-04-08,pune_mca,Pune,pwi,pbks,Pune Warriors,Kings XI Punjab,pwi,bat,pwi,Pune Warriors,,,false,,22.0,,f846de6a,Indian Premier League,8.0,,male
548314,2012,2012,2012-04-09,vizag_acavdca,Visakhapatnam,deccan,mi,Deccan Chargers,Mumbai Indians,deccan,bat,mi,Mumbai Indians,,,false,,,5.0,740742ef,Indian Premier League,9.0,,male
548315,2012,2012,2012-04-10,bengaluru_chinnaswamy,Bengaluru,rcb,kkr,Royal Challengers Bangalore,Kolkata Knight Riders,rcb,field,kkr,Kolkata Knight Riders,,,false,,42.0,,b2b50355,Indian Premier League,10.0,,male
548316,2012,2012,2012-04-10,delhi_kotla,Delhi,dc,csk,Delhi Daredevils,Chennai Super Kings,dc,field,dc,Delhi Daredevils,,,false,,,8.0,5bb5a915,Indian Premier League,11.0,,male
548317,2012,2012,2012-04-11,mumbai_wankhede,Mumbai,mi,rr,Mumbai Indians,Rajasthan Royals,rr,field,mi,Mumbai Indians,,,false,,27.0,,a757b0d8,Indian Premier League,12.0,,male
548318,2012,2012,2012-04-12,chennai_chepauk,Chennai,csk,rcb,Chennai Super Kings,Royal Challengers Bangalore,rcb,bat,csk,Chennai Super Kings,,,false,,,5.0,3355b542,Indian Premier League,13.0,,male
548319,2012,2012,2012-04-12,mohali_pca,Mohali,pbks,pwi,Kings XI Punjab,Pune Warriors,pbks,field,pbks,Kings XI Punjab,,,false,,,7.0,3edb58fc,Indian Premier League,14.0,,male
548320,2012,2012,2012-04-13,kolkata_eden,Kolkata,kkr,rr,Kolkata Knight Riders,Rajasthan Royals,rr,bat,kkr,Kolkata Knight Riders,,,false,,,5.0,7dc35884,Indian Premier League,15.0,,male
548321,2012,2012,2012-04-19,delhi_kotla,Delhi,dc,deccan,Delhi Daredevils,Deccan Chargers,deccan,bat,dc,Delhi Daredevils,,,false,,,5.0,39f01cdb,Indian Premier League,23.0,,male
548322,2012,2012,2012-04-14,pune_mca,Pune,pwi,csk,Pune Warriors,Chennai Super Kings,csk,bat,pwi,Pune Warriors,,,false,,,7.0,91ffa6c6,Indian Premier League,16.0,,male
548323,2012,2012,2012-04-15,kolkata_eden,Kolkata,kkr,pbks,Kolkata Knight Riders,Kings XI Punjab,kkr,field,pbks,Kings XI Punjab,,,false,,2.0,,9d430b40,Indian Premier League,17.0,,male
548324,2012,2012,2012-04-15,bengaluru_chinnaswamy,Bengaluru,rcb,rr,Royal Challengers Bangalore,Rajasthan Royals,rr,bat,rr,Rajasthan Royals,,,false,,59.0,,29e95537,Indian Premier League,18.0,,male
548325,2012,2012,2012-04-16,mumbai_wankhede,Mumbai,mi,dc,Mumbai Indians,Delhi Daredevils,dc,field,dc,Delhi Daredevils,,,false,,,7.0,9d80c5e1,Indian Premier League,19.0,,male
548326,2012,2012,2012-04-17,jaipur_sawaimansingh,Jaipur,rr,deccan,Rajasthan Royals,Deccan Chargers,deccan,bat,rr,Rajasthan Royals,,,false,,,5.0,b57f8a9a,Indian Premier League,20.0,,male
548327,2012,2012,2012-04-17,bengaluru_chinnaswamy,Bengaluru,rcb,pwi,Royal Challengers Bangalore,Pune Warriors,pwi,bat,rcb,Royal Challengers Bangalore,,,false,,,6.0,db584dad,Indian Premier League,21.0,,male
548328,2012,2012,2012-04-18,mohali_pca,Mohali,pbks,kkr,Kings XI Punjab,Kolkata Knight Riders,pbks,bat,kkr,Kolkata Knight Riders,,,false,,,8.0,bb345e0b,Indian Premier League,22.0,,male
548329,2012,2012,2012-05-10,hyderabad_rajivgandhi,Hyderabad,deccan,dc,Deccan Chargers,Delhi Daredevils,deccan,bat,dc,Delhi Daredevils,,,false,,,9.0,dcce6f09,Indian Premier League,55.0,,male
548330,2012,2012,2012-04-19,chennai_chepauk,Chennai,csk,pwi,Chennai Super Kings,Pune Warriors,pwi,field,csk,Chennai Super Kings,,,false,,13.0,,469ea22b,Indian Premier League,24.0,,male
548331,2012,2012,2012-04-20,mohali_pca,Mohali,pbks,rcb,Kings XI Punjab,Royal Challengers Bangalore,rcb,field,rcb,Royal Challengers Bangalore,,,false,,,5.0,db584dad,Indian Premier League,25.0,,male
548332,2012,2012,2012-04-21,chennai_chepauk,Chennai,csk,rr,Chennai Super Kings,Rajasthan Royals,rr,bat,csk,Chennai Super Kings,,,false,,,7.0,3355b542,Indian Premier League,26.0,,male
548333,2012,2012,2012-04-21,delhi_kotla,Delhi,dc,pwi,Delhi Daredevils,Pune Warriors,dc,field,pwi,Pune Warriors,,,false,,20.0,,725529bc,Indian Premier League,27.0,,male
548334,2012,2012,2012-04-22,mumbai_wankhede,Mumbai,mi,pbks,Mumbai Indians,Kings XI Punjab,mi,bat,pbks,Kings XI Punjab,,,false,,,6.0,508a1ea7,Indian Premier League,28.0,,male
548335,2012,2012,2012-04-22,cuttack_barabati,Cuttack,deccan,kkr,Deccan Chargers,Kolkata Knight Riders,kkr,field,kkr,Kolkata Knight Riders,,,false,,,5.0,dd09ff8e,Indian Premier League,29.0,,male
548336,2012,2012,2012-04-23,jaipur_sawaimansingh,Jaipur,rr,rcb,Rajasthan Royals,Royal Challengers Bangalore,rr,field,rcb,Royal Challengers Bangalore,,,false,,46.0,,c4487b84,Indian Premier League,30.0,,male
548337,2012,2012,2012-04-24,pune_mca,Pune,pwi,dc,Pune Warriors,Delhi Daredevils,pwi,bat,dc,Delhi Daredevils,,,false,,,8.0,8ba8195d,Indian Premier League,31.0,,male
548339,2012,2012,2012-04-25,mohali_pca,Mohali,pbks,mi,Kings XI Punjab,Mumbai Indians,pbks,bat,mi,Mumbai Indians,,,false,,,4.0,70d205c9,Indian Premier League,33.0,,male
548341,2012,2012,2012-04-26,pune_mca,Pune,pwi,deccan,Pune Warriors,Deccan Chargers,deccan,bat,deccan,Deccan Chargers,,,false,,18.0,,d0513f63,Indian Premier League,35.0,,male
548342,2012,2012,2012-04-27,delhi_kotla,Delhi,dc,mi,Delhi Daredevils,Mumbai Indians,mi,field,dc,Delhi Daredevils,,,false,,37.0,,8ba8195d,Indian Premier League,36.0,,male
548343,2012,2012,2012-04-28,chennai_chepauk,Chennai,csk,pbks,Chennai Super Kings,Kings XI Punjab,pbks,bat,pbks,Kings XI Punjab,,,false,,7.0,,c3a96caf,Indian Premier League,37.0,,male
548344,2012,2012,2012-04-28,kolkata_eden,Kolkata,kkr,rcb,Kolkata Knight Riders,Royal Challengers Bangalore,kkr,bat,kkr,Kolkata Knight Riders,,,false,,47.0,,bb345e0b,Indian Premier League,38.0,,male
548345,2012,2012,2012-04-29,delhi_kotla,Delhi,dc,rr,Delhi Daredevils,Rajasthan Royals,dc,bat,dc,Delhi Daredevils,,,false,,1.0,,8ba8195d,Indian Premier League,39.0,,male
548346,2012,2012,2012-04-29,mumbai_wankhede,Mumbai,mi,deccan,Mumbai Indians,Deccan Chargers,mi,field,mi,Mumbai Indians,,,false,,,5.0,8fd1a8f5,Indian Premier League,40.0,,male
548347,2012,2012,2012-04-30,chennai_chepauk,Chennai,csk,kkr,Chennai Super Kings,Kolkata Knight Riders,csk,bat,kkr,Kolkata Knight Riders,,,false,,,5.0,bb345e0b,Indian Premier League,41.0,,male
548348,2012,2012,2012-05-01,cuttack_barabati,Cuttack,deccan,pwi,Deccan Chargers,Pune Warriors,deccan,bat,deccan,Deccan Chargers,,,false,,13.0,,6b71e6cf,Indian Premier League,42.0,,male
548349,2012,2012,2012-05-01,jaipur_sawaimansingh,Jaipur,rr,dc,Rajasthan Royals,Delhi Daredevils,rr,bat,dc,Delhi Daredevils,,,false,,,6.0,f62772e5,Indian Premier League,43.0,,male
548350,2012,2012,2012-05-02,bengaluru_chinnaswamy,Bengaluru,rcb,pbks,Royal Challengers Bangalore,Kings XI Punjab,pbks,field,pbks,Kings XI Punjab,,,false,,,4.0,9a158001,Indian Premier League,44.0,,male
548351,2012,2012,2012-05-03,pune_mca,Pune,pwi,mi,Pune Warriors,Mumbai Indians,mi,bat,mi,Mumbai Indians,,,false,,1.0,,a12e1d51,Indian Premier League,45.0,,male
548352,2012,2012,2012-05-04,chennai_chepauk,Chennai,csk,deccan,Chennai Super Kings,Deccan Chargers,csk,bat,csk,Chennai Super Kings,,,false,,10.0,,1dc12ab9,Indian Premier League,46.0,,male
548353,2012,2012,2012-05-05,kolkata_eden,Kolkata,kkr,pwi,Kolkata Knight Riders,Pune Warriors,kkr,bat,kkr,Kolkata Knight Riders,,,false,,7.0,,9d430b40,Indian Premier League,47.0,,male
548354,2012,2012,2012-05-05,mohali_pca,Mohali,pbks,rr,Kings XI Punjab,Rajasthan Royals,rr,bat,rr,Rajasthan Royals,,,false,,43.0,,4329fbb5,Indian Premier League,48.0,,male
548355,2012,2012,2012-05-06,mumbai_wankhede,Mumbai,mi,csk,Mumbai Indians,Chennai Super Kings,mi,field,mi,Mumbai Indians,,,false,,,2.0,35205dfc,Indian Premier League,49.0,,male
548356,2012,2012,2012-05-06,bengaluru_chinnaswamy,Bengaluru,rcb,deccan,Royal Challengers Bangalore,Deccan Chargers,rcb,field,rcb,Royal Challengers Bangalore,,,false,,,5.0,c4487b84,Indian Premier League,50.0,,male
548357,2012,2012,2012-05-07,delhi_kotla,Delhi,dc,kkr,Delhi Daredevils,Kolkata Knight Riders,dc,bat,kkr,Kolkata Knight Riders,,,false,,,6.0,86dc8f2e,Indian Premier League,51.0,,male
548358,2012,2012,2012-05-08,pune_mca,Pune,pwi,rr,Pune Warriors,Rajasthan Royals,pwi,bat,rr,Rajasthan Royals,,,false,,,7.0,4329fbb5,Indian Premier League,52.0,,male
548359,2012,2012,2012-05-08,hyderabad_rajivgandhi,Hyderabad,deccan,pbks,Deccan Chargers,Kings XI Punjab,deccan,field,pbks,Kings XI Punjab,,,false,,25.0,,c3a96caf,Indian Premier League,53.0,,male
548360,2012,2012,2012-05-09,mumbai_wankhede,Mumbai,mi,rcb,Mumbai Indians,Royal Challengers Bangalore,rcb,field,rcb,Royal Challengers Bangalore,,,false,,,9.0,db584dad,Indian Premier League,54.0,,male
548361,2012,2012,2012-05-10,jaipur_sawaimansingh,Jaipur,rr,csk,Rajasthan Royals,Chennai Super Kings,csk,field,csk,Chennai Super Kings,,,false,,,4.0,f3171936,Indian Premier League,56.0,,male
548362,2012,2012,2012-05-11,pune_mca,Pune,pwi,rcb,Pune Warriors,Royal Challengers Bangalore,pwi,field,rcb,Royal Challengers Bangalore,,,false,,35.0,,db584dad,Indian Premier League,57.0,,male
548363,2012,2012,2012-05-12,kolkata_eden,Kolkata,kkr,mi,Kolkata Knight Riders,Mumbai Indians,mi,bat,mi,Mumbai Indians,,,false,,27.0,,740742ef,Indian Premier League,58.0,,male
548364,2012,2012,2012-05-12,chennai_chepauk,Chennai,csk,dc,Chennai Super Kings,Delhi Daredevils,csk,field,csk,Chennai Super Kings,,,false,,,9.0,f3171936,Indian Premier League,59.0,,male
548365,2012,2012,2012-05-13,jaipur_sawaimansingh,Jaipur,rr,pwi,Rajasthan Royals,Pune Warriors,rr,bat,rr,Rajasthan Royals,,,false,,45.0,,99b202b3,Indian Premier League,60.0,,male
548366,2012,2012,2012-05-13,mohali_pca,Mohali,pbks,deccan,Kings XI Punjab,Deccan Chargers,deccan,bat,pbks,Kings XI Punjab,,,false,,,4.0,fd835ab3,Indian Premier League,61.0,,male
548367,2012,2012,2012-05-14,bengaluru_chinnaswamy,Bengaluru,rcb,mi,Royal Challengers Bangalore,Mumbai Indians,mi,field,mi,Mumbai Indians,,,false,,,5.0,70d205c9,Indian Premier League,62.0,,male
548368,2012,2012,2012-05-14,kolkata_eden,Kolkata,kkr,csk,Kolkata Knight Riders,Chennai Super Kings,csk,field,csk,Chennai Super Kings,,,false,,,5.0,48fd7349,Indian Premier League,63.0,,male
548369,2012,2012,2012-05-15,delhi_kotla,Delhi,dc,pbks,Delhi Daredevils,Kings XI Punjab,pbks,bat,dc,Delhi Daredevils,,,false,,,5.0,cc1e8c68,Indian Premier League,64.0,,male
548370,2012,2012,2012-05-16,mumbai_wankhede,Mumbai,mi,kkr,Mumbai Indians,Kolkata Knight Riders,mi,field,kkr,Kolkata Knight Riders,,,false,,32.0,,9d430b40,Indian Premier League,65.0,,male
548371,2012,2012,2012-05-17,dharamsala_hpca,Dharamsala,pbks,csk,Kings XI Punjab,Chennai Super Kings,pbks,field,pbks,Kings XI Punjab,,,false,,,6.0,2b6e6dec,Indian Premier League,66.0,,male
548372,2012,2012,2012-05-17,delhi_kotla,Delhi,dc,rcb,Delhi Daredevils,Royal Challengers Bangalore,dc,field,rcb,Royal Challengers Bangalore,,,false,,21.0,,db584dad,Indian Premier League,67.0,,male
548373,2012,2012,2012-05-18,hyderabad_rajivgandhi,Hyderabad,deccan,rr,Deccan Chargers,Rajasthan Royals,rr,bat,deccan,Deccan Chargers,,,false,,,5.0,8fd1a8f5,Indian Premier League,68.0,,male
548374,2012,2012,2012-05-19,dharamsala_hpca,Dharamsala,pbks,dc,Kings XI Punjab,Delhi Daredevils,dc,field,dc,Delhi Daredevils,,,false,,,6.0,cc1e8c68,Indian Premier League,69.0,,male
548375,2012,2012,2012-05-19,pune_mca,Pune,pwi,kkr,Pune Warriors,Kolkata Knight Riders,kkr,bat,kkr,Kolkata Knight Riders,,,false,,34.0,,7dc35884,Indian Premier League,70.0,,male
548376,2012,2012,2012-05-20,hyderabad_rajivgandhi,Hyderabad,deccan,rcb,Deccan Chargers,Royal Challengers Bangalore,rcb,field,deccan,Deccan Chargers,,,false,,9.0,,8fd1a8f5,Indian Premier League,71.0,,male
548377,2012,2012,2012-05-20,jaipur_sawaimansingh,Jaipur,rr,mi,Rajasthan Royals,Mumbai Indians,rr,bat,mi,Mumbai Indians,,,false,,,10.0,35205dfc,Indian Premier League,72.0,,male
548378,2012,2012,2012-05-22,pune_mca,Pune,dc,kkr,Delhi Daredevils,Kolkata Knight Riders,kkr,bat,kkr,Kolkata Knight Riders,,,false,,18.0,,3c6ffae8,Indian Premier League,,Qualifier 1,male
548379,2012,2012,2012-05-23,bengaluru_chinnaswamy,Bengaluru,csk,mi,Chennai Super Kings,Mumbai Indians,mi,field,csk,Chennai Super Kings,,,false,,38.0,,4a8a2e3b,Indian Premier League,,Elimination Final,male
548380,2012,2012,2012-05-25,chennai_chepauk,Chennai,dc,csk,Delhi Daredevils,Chennai Super Kings,dc,field,csk,Chennai Super Kings,,,false,,86.0,,4b57e452,Indian Premier League,,Qualifier 2,male
548381,2012,2012,2012-05-27,chennai_chepauk,Chennai,kkr,csk,Kolkata Knight Riders,Chennai Super Kings,csk,bat,kkr,Kolkata Knight Riders,,,false,,,5.0,5afd4539,Indian Premier League,,Final,male
597998,2013,2013,2013-04-03,kolkata_eden,Kolkata,kkr,dc,Kolkata Knight Riders,Delhi Daredevils,kkr,field,kkr,Kolkata Knight Riders,,,false,,,6.0,9d430b40,Indian Premier League,1.0,,male
597999,2013,2013,2013-04-04,bengaluru_chinnaswamy,Bengaluru,rcb,mi,Royal Challengers Bangalore,Mumbai Indians,mi,field,rcb,Royal Challengers Bangalore,,,false,,2.0,,db584dad,Indian Premier League,2.0,,male
598000,2013,2013,2013-04-05,hyderabad_rajivgandhi,Hyderabad,srh,pwi,Sunrisers Hyderabad,Pune Warriors,pwi,field,srh,Sunrisers Hyderabad,,,false,,22.0,,6b19d823,Indian Premier League,3.0,,male
598001,2013,2013,2013-04-06,delhi_kotla,Delhi,dc,rr,Delhi Daredevils,Rajasthan Royals,rr,bat,rr,Rajasthan Royals,,,false,,5.0,,0184dc35,Indian Premier League,4.0,,male
598002,2013,2013,2013-04-06,chennai_chepauk,Chennai,csk,mi,Chennai Super Kings,Mumbai Indians,mi,bat,mi,Mumbai Indians,,,false,,9.0,,a757b0d8,Indian Premier League,5.0,,male
598003,2013,2013,2013-04-07,pune_mca,Pune,pwi,pbks,Pune Warriors,Kings XI Punjab,pwi,bat,pbks,Kings XI Punjab,,,false,,,8.0,c03e2850,Indian Premier League,6.0,,male
598004,2013,2013,2013-04-07,hyderabad_rajivgandhi,Hyderabad,srh,rcb,Sunrisers Hyderabad,Royal Challengers Bangalore,rcb,bat,,,tie,,true,srh,,,94253925,Indian Premier League,7.0,,male
598005,2013,2013,2013-04-08,jaipur_sawaimansingh,Jaipur,rr,kkr,Rajasthan Royals,Kolkata Knight Riders,kkr,field,rr,Rajasthan Royals,,,false,,19.0,,3d7e087f,Indian Premier League,8.0,,male
598006,2013,2013,2013-04-09,mumbai_wankhede,Mumbai,mi,dc,Mumbai Indians,Delhi Daredevils,mi,bat,mi,Mumbai Indians,,,false,,44.0,,c03f1114,Indian Premier League,10.0,,male
598007,2013,2013,2013-04-10,mohali_pca,Mohali,pbks,csk,Kings XI Punjab,Chennai Super Kings,csk,field,csk,Chennai Super Kings,,,false,,,10.0,48fd7349,Indian Premier League,11.0,,male
598008,2013,2013,2013-04-11,bengaluru_chinnaswamy,Bengaluru,rcb,kkr,Royal Challengers Bangalore,Kolkata Knight Riders,rcb,field,rcb,Royal Challengers Bangalore,,,false,,,8.0,db584dad,Indian Premier League,12.0,,male
598009,2013,2013,2013-04-11,pune_mca,Pune,pwi,rr,Pune Warriors,Rajasthan Royals,rr,bat,pwi,Pune Warriors,,,false,,,7.0,b8d490fd,Indian Premier League,13.0,,male
598010,2013,2013,2013-04-12,delhi_kotla,Delhi,dc,srh,Delhi Daredevils,Sunrisers Hyderabad,dc,bat,srh,Sunrisers Hyderabad,,,false,,,3.0,6b19d823,Indian Premier League,14.0,,male
598011,2013,2013,2013-04-13,mumbai_wankhede,Mumbai,mi,pwi,Mumbai Indians,Pune Warriors,mi,bat,mi,Mumbai Indians,,,false,,41.0,,740742ef,Indian Premier League,15.0,,male
598012,2013,2013,2013-04-13,chennai_chepauk,Chennai,csk,rcb,Chennai Super Kings,Royal Challengers Bangalore,csk,field,csk,Chennai Super Kings,,,false,,,4.0,fe93fd9d,Indian Premier League,16.0,,male
598013,2013,2013,2013-04-14,kolkata_eden,Kolkata,kkr,srh,Kolkata Knight Riders,Sunrisers Hyderabad,kkr,bat,kkr,Kolkata Knight Riders,,,false,,48.0,,bb345e0b,Indian Premier League,17.0,,male
598014,2013,2013,2013-04-14,jaipur_sawaimansingh,Jaipur,rr,pbks,Rajasthan Royals,Kings XI Punjab,rr,field,rr,Rajasthan Royals,,,false,,,6.0,808f425a,Indian Premier League,18.0,,male
598015,2013,2013,2013-04-15,chennai_chepauk,Chennai,csk,pwi,Chennai Super Kings,Pune Warriors,pwi,bat,pwi,Pune Warriors,,,false,,24.0,,30a45b23,Indian Premier League,19.0,,male
598016,2013,2013,2013-04-16,mohali_pca,Mohali,pbks,kkr,Kings XI Punjab,Kolkata Knight Riders,kkr,field,pbks,Kings XI Punjab,,,false,,4.0,,ae78bc32,Indian Premier League,20.0,,male
598017,2013,2013,2013-04-16,bengaluru_chinnaswamy,Bengaluru,rcb,dc,Royal Challengers Bangalore,Delhi Daredevils,rcb,field,,,tie,,true,rcb,,,ba607b88,Indian Premier League,21.0,,male
598018,2013,2013,2013-04-17,pune_mca,Pune,pwi,srh,Pune Warriors,Sunrisers Hyderabad,pwi,field,srh,Sunrisers Hyderabad,,,false,,11.0,,6b19d823,Indian Premier League,22.0,,male
598019,2013,2013,2013-04-17,jaipur_sawaimansingh,Jaipur,rr,mi,Rajasthan Royals,Mumbai Indians,rr,bat,rr,Rajasthan Royals,,,false,,87.0,,29e95537,Indian Premier League,23.0,,male
598020,2013,2013,2013-04-18,delhi_kotla,Delhi,dc,csk,Delhi Daredevils,Chennai Super Kings,csk,bat,csk,Chennai Super Kings,,,false,,86.0,,48fd7349,Indian Premier League,24.0,,male
598021,2013,2013,2013-04-19,hyderabad_rajivgandhi,Hyderabad,srh,pbks,Sunrisers Hyderabad,Kings XI Punjab,pbks,bat,srh,Sunrisers Hyderabad,,,false,,,5.0,94253925,Indian Premier League,25.0,,male
598022,2013,2013,2013-04-20,kolkata_eden,Kolkata,kkr,csk,Kolkata Knight Riders,Chennai Super Kings,kkr,bat,csk,Chennai Super Kings,,,false,,,4.0,fe93fd9d,Indian Premier League,26.0,,male
598023,2013,2013,2013-04-20,bengaluru_chinnaswamy,Bengaluru,rcb,rr,Royal Challengers Bangalore,Rajasthan Royals,rcb,field,rcb,Royal Challengers Bangalore,,,false,,,7.0,41eb4a4f,Indian Premier League,27.0,,male
598024,2013,2013,2013-04-21,delhi_kotla,Delhi,dc,mi,Delhi Daredevils,Mumbai Indians,mi,bat,dc,Delhi Daredevils,,,false,,,9.0,8ba8195d,Indian Premier League,28.0,,male
598025,2013,2013,2013-04-21,mohali_pca,Mohali,pbks,pwi,Kings XI Punjab,Pune Warriors,pbks,field,pbks,Kings XI Punjab,,,false,,,7.0,d67d5f00,Indian Premier League,29.0,,male
598026,2013,2013,2013-04-22,chennai_chepauk,Chennai,csk,rr,Chennai Super Kings,Rajasthan Royals,rr,bat,csk,Chennai Super Kings,,,false,,,5.0,48fd7349,Indian Premier League,30.0,,male
598027,2013,2013,2013-04-23,bengaluru_chinnaswamy,Bengaluru,rcb,pwi,Royal Challengers Bangalore,Pune Warriors,pwi,field,rcb,Royal Challengers Bangalore,,,false,,130.0,,db584dad,Indian Premier League,31.0,,male
598028,2013,2013,2013-05-16,dharamsala_hpca,Dharamsala,pbks,dc,Kings XI Punjab,Delhi Daredevils,dc,field,pbks,Kings XI Punjab,,,false,,7.0,,d67d5f00,Indian Premier League,67.0,,male
598029,2013,2013,2013-04-24,kolkata_eden,Kolkata,kkr,mi,Kolkata Knight Riders,Mumbai Indians,kkr,bat,mi,Mumbai Indians,,,false,,,5.0,35205dfc,Indian Premier League,33.0,,male
598030,2013,2013,2013-04-25,chennai_chepauk,Chennai,csk,srh,Chennai Super Kings,Sunrisers Hyderabad,srh,bat,csk,Chennai Super Kings,,,false,,,5.0,4a8a2e3b,Indian Premier League,34.0,,male
598031,2013,2013,2013-04-26,kolkata_eden,Kolkata,kkr,pbks,Kolkata Knight Riders,Kings XI Punjab,pbks,bat,kkr,Kolkata Knight Riders,,,false,,,6.0,86dc8f2e,Indian Premier League,35.0,,male
598032,2013,2013,2013-04-27,jaipur_sawaimansingh,Jaipur,rr,srh,Rajasthan Royals,Sunrisers Hyderabad,srh,bat,rr,Rajasthan Royals,,,false,,,8.0,808f425a,Indian Premier League,36.0,,male
598033,2013,2013,2013-04-27,mumbai_wankhede,Mumbai,mi,rcb,Mumbai Indians,Royal Challengers Bangalore,mi,bat,mi,Mumbai Indians,,,false,,58.0,,35205dfc,Indian Premier League,37.0,,male
598034,2013,2013,2013-04-28,chennai_chepauk,Chennai,csk,kkr,Chennai Super Kings,Kolkata Knight Riders,kkr,field,csk,Chennai Super Kings,,,false,,14.0,,48fd7349,Indian Premier League,38.0,,male
598035,2013,2013,2013-04-28,raipur_vnsingh,Raipur,dc,pwi,Delhi Daredevils,Pune Warriors,pwi,field,dc,Delhi Daredevils,,,false,,15.0,,dcce6f09,Indian Premier League,39.0,,male
598036,2013,2013,2013-04-29,jaipur_sawaimansingh,Jaipur,rr,rcb,Rajasthan Royals,Royal Challengers Bangalore,rr,field,rr,Rajasthan Royals,,,false,,,4.0,a4cc73aa,Indian Premier League,40.0,,male
598037,2013,2013,2013-04-29,mumbai_wankhede,Mumbai,mi,pbks,Mumbai Indians,Kings XI Punjab,mi,bat,mi,Mumbai Indians,,,false,,4.0,,740742ef,Indian Premier League,41.0,,male
598038,2013,2013,2013-04-30,pune_mca,Pune,pwi,csk,Pune Warriors,Chennai Super Kings,csk,bat,csk,Chennai Super Kings,,,false,,37.0,,4a8a2e3b,Indian Premier League,42.0,,male
598039,2013,2013,2013-05-01,hyderabad_rajivgandhi,Hyderabad,srh,mi,Sunrisers Hyderabad,Mumbai Indians,mi,bat,srh,Sunrisers Hyderabad,,,false,,,7.0,5bb1a1c4,Indian Premier League,43.0,,male
598040,2013,2013,2013-05-01,raipur_vnsingh,Raipur,dc,kkr,Delhi Daredevils,Kolkata Knight Riders,kkr,bat,dc,Delhi Daredevils,,,false,,,7.0,dcce6f09,Indian Premier League,44.0,,male
598041,2013,2013,2013-05-02,chennai_chepauk,Chennai,csk,pbks,Chennai Super Kings,Kings XI Punjab,csk,bat,csk,Chennai Super Kings,,,false,,15.0,,1dc12ab9,Indian Premier League,45.0,,male
598042,2013,2013,2013-05-02,pune_mca,Pune,pwi,rcb,Pune Warriors,Royal Challengers Bangalore,rcb,bat,rcb,Royal Challengers Bangalore,,,false,,17.0,,c4487b84,Indian Premier League,46.0,,male
598043,2013,2013,2013-05-03,kolkata_eden,Kolkata,kkr,rr,Kolkata Knight Riders,Rajasthan Royals,rr,bat,kkr,Kolkata Knight Riders,,,false,,,8.0,3c6ffae8,Indian Premier League,47.0,,male
598044,2013,2013,2013-05-04,hyderabad_rajivgandhi,Hyderabad,srh,dc,Sunrisers Hyderabad,Delhi Daredevils,dc,bat,srh,Sunrisers Hyderabad,,,false,,,6.0,c03c6200,Indian Premier League,48.0,,male
598045,2013,2013,2013-05-14,bengaluru_chinnaswamy,Bengaluru,rcb,pbks,Royal Challengers Bangalore,Kings XI Punjab,pbks,field,pbks,Kings XI Punjab,,,false,,,7.0,2b6e6dec,Indian Premier League,63.0,,male
598046,2013,2013,2013-05-05,mumbai_wankhede,Mumbai,mi,csk,Mumbai Indians,Chennai Super Kings,mi,bat,mi,Mumbai Indians,,,false,,60.0,,f5180fe6,Indian Premier League,49.0,,male
598047,2013,2013,2013-05-05,jaipur_sawaimansingh,Jaipur,rr,pwi,Rajasthan Royals,Pune Warriors,pwi,bat,rr,Rajasthan Royals,,,false,,,5.0,29e95537,Indian Premier League,50.0,,male
598048,2013,2013,2013-04-09,bengaluru_chinnaswamy,Bengaluru,rcb,srh,Royal Challengers Bangalore,Sunrisers Hyderabad,srh,bat,rcb,Royal Challengers Bangalore,,,false,,,7.0,ba607b88,Indian Premier League,9.0,,male
598049,2013,2013,2013-05-07,jaipur_sawaimansingh,Jaipur,rr,dc,Rajasthan Royals,Delhi Daredevils,dc,bat,rr,Rajasthan Royals,,,false,,,9.0,29e95537,Indian Premier League,52.0,,male
598050,2013,2013,2013-05-07,mumbai_wankhede,Mumbai,mi,kkr,Mumbai Indians,Kolkata Knight Riders,mi,bat,mi,Mumbai Indians,,,false,,65.0,,d2c2b2d5,Indian Premier League,53.0,,male
598051,2013,2013,2013-05-08,hyderabad_rajivgandhi,Hyderabad,srh,csk,Sunrisers Hyderabad,Chennai Super Kings,srh,field,csk,Chennai Super Kings,,,false,,77.0,,1dc12ab9,Indian Premier League,54.0,,male
598052,2013,2013,2013-05-09,mohali_pca,Mohali,pbks,rr,Kings XI Punjab,Rajasthan Royals,rr,field,rr,Rajasthan Royals,,,false,,,8.0,557153ca,Indian Premier League,55.0,,male
598053,2013,2013,2013-05-09,pune_mca,Pune,pwi,kkr,Pune Warriors,Kolkata Knight Riders,kkr,bat,kkr,Kolkata Knight Riders,,,false,,46.0,,bb345e0b,Indian Premier League,56.0,,male
598054,2013,2013,2013-05-10,delhi_kotla,Delhi,dc,rcb,Delhi Daredevils,Royal Challengers Bangalore,dc,field,rcb,Royal Challengers Bangalore,,,false,,4.0,,1e66c162,Indian Premier League,57.0,,male
598055,2013,2013,2013-05-11,pune_mca,Pune,pwi,mi,Pune Warriors,Mumbai Indians,pwi,bat,mi,Mumbai Indians,,,false,,,5.0,f5180fe6,Indian Premier League,58.0,,male
598056,2013,2013,2013-05-11,mohali_pca,Mohali,pbks,srh,Kings XI Punjab,Sunrisers Hyderabad,pbks,field,srh,Sunrisers Hyderabad,,,false,,30.0,,b5da6c24,Indian Premier League,59.0,,male
598057,2013,2013,2013-05-12,ranchi_jsca,Ranchi,kkr,rcb,Kolkata Knight Riders,Royal Challengers Bangalore,kkr,field,kkr,Kolkata Knight Riders,,,false,,,5.0,86dc8f2e,Indian Premier League,60.0,,male
598058,2013,2013,2013-05-12,jaipur_sawaimansingh,Jaipur,rr,csk,Rajasthan Royals,Chennai Super Kings,rr,field,rr,Rajasthan Royals,,,false,,,5.0,4329fbb5,Indian Premier League,61.0,,male
598059,2013,2013,2013-04-23,delhi_kotla,Delhi,dc,pbks,Delhi Daredevils,Kings XI Punjab,pbks,field,pbks,Kings XI Punjab,,,false,,,5.0,2a72fd4f,Indian Premier League,32.0,,male
598060,2013,2013,2013-05-13,mumbai_wankhede,Mumbai,mi,srh,Mumbai Indians,Sunrisers Hyderabad,srh,bat,mi,Mumbai Indians,,,false,,,7.0,a757b0d8,Indian Premier League,62.0,,male
598061,2013,2013,2013-05-15,ranchi_jsca,Ranchi,kkr,pwi,Kolkata Knight Riders,Pune Warriors,kkr,field,pwi,Pune Warriors,,,false,,7.0,,93b4fc78,Indian Premier League,65.0,,male
598062,2013,2013,2013-05-14,chennai_chepauk,Chennai,csk,dc,Chennai Super Kings,Delhi Daredevils,csk,bat,csk,Chennai Super Kings,,,false,,33.0,,4a8a2e3b,Indian Premier League,64.0,,male
598063,2013,2013,2013-05-15,mumbai_wankhede,Mumbai,mi,rr,Mumbai Indians,Rajasthan Royals,rr,field,mi,Mumbai Indians,,,false,,14.0,,855a210c,Indian Premier League,66.0,,male
598064,2013,2013,2013-05-06,mohali_pca,Mohali,pbks,rcb,Kings XI Punjab,Royal Challengers Bangalore,pbks,field,pbks,Kings XI Punjab,,,false,,,6.0,d67d5f00,Indian Premier League,51.0,,male
598065,2013,2013,2013-05-17,hyderabad_rajivgandhi,Hyderabad,srh,rr,Sunrisers Hyderabad,Rajasthan Royals,srh,bat,srh,Sunrisers Hyderabad,,,false,,23.0,,6b19d823,Indian Premier League,68.0,,male
598066,2013,2013,2013-05-18,dharamsala_hpca,Dharamsala,pbks,mi,Kings XI Punjab,Mumbai Indians,mi,field,pbks,Kings XI Punjab,,,false,,50.0,,9a158001,Indian Premier League,69.0,,male
598067,2013,2013,2013-05-19,pune_mca,Pune,pwi,dc,Pune Warriors,Delhi Daredevils,pwi,bat,pwi,Pune Warriors,,,false,,38.0,,cca50cd6,Indian Premier League,71.0,,male
598068,2013,2013,2013-05-18,bengaluru_chinnaswamy,Bengaluru,rcb,csk,Royal Challengers Bangalore,Chennai Super Kings,csk,field,rcb,Royal Challengers Bangalore,,,false,,24.0,,ba607b88,Indian Premier League,70.0,,male
598069,2013,2013,2013-05-19,hyderabad_rajivgandhi,Hyderabad,srh,kkr,Sunrisers Hyderabad,Kolkata Knight Riders,kkr,bat,srh,Sunrisers Hyderabad,,,false,,,5.0,b5da6c24,Indian Premier League,72.0,,male
598070,2013,2013,2013-05-21,delhi_kotla,Delhi,csk,mi,Chennai Super Kings,Mumbai Indians,csk,bat,csk,Chennai Super Kings,,,false,,48.0,,48fd7349,Indian Premier League,,Qualifier 1,male
598071,2013,2013,2013-05-22,delhi_kotla,Delhi,rr,srh,Rajasthan Royals,Sunrisers Hyderabad,srh,bat,rr,Rajasthan Royals,,,false,,,4.0,b57f8a9a,Indian Premier League,,Eliminator,male
598072,2013,2013,2013-05-24,kolkata_eden,Kolkata,mi,rr,Mumbai Indians,Rajasthan Royals,rr,bat,mi,Mumbai Indians,,,false,,,4.0,8b5b6769,Indian Premier League,,Qualifier 2,male
598073,2013,2013,2013-05-26,kolkata_eden,Kolkata,csk,mi,Chennai Super Kings,Mumbai Indians,mi,bat,mi,Mumbai Indians,,,false,,23.0,,a757b0d8,Indian Premier League,,Final,male
729279,2014,2014,2014-04-16,abudhabi_zayed,Abu Dhabi,mi,kkr,Mumbai Indians,Kolkata Knight Riders,kkr,bat,kkr,Kolkata Knight Riders,,,false,,41.0,,86dc8f2e,Indian Premier League,1.0,,male
729281,2014,2014,2014-04-17,sharjah,Sharjah,dc,rcb,Delhi Daredevils,Royal Challengers Bangalore,rcb,field,rcb,Royal Challengers Bangalore,,,false,,,8.0,57ee1fde,Indian Premier League,2.0,,male
729283,2014,2014,2014-04-18,abudhabi_zayed,Abu Dhabi,csk,pbks,Chennai Super Kings,Kings XI Punjab,csk,bat,pbks,Kings XI Punjab,,,false,,,6.0,b681e71e,Indian Premier League,3.0,,male
729285,2014,2014,2014-04-18,abudhabi_zayed,Abu Dhabi,srh,rr,Sunrisers Hyderabad,Rajasthan Royals,rr,field,rr,Rajasthan Royals,,,false,,,4.0,29e95537,Indian Premier League,4.0,,male
729287,2014,2014,2014-04-19,dubai_intl,Dubai,rcb,mi,Royal Challengers Bangalore,Mumbai Indians,rcb,field,rcb,Royal Challengers Bangalore,,,false,,,7.0,b5da6c24,Indian Premier League,5.0,,male
729289,2014,2014,2014-04-19,dubai_intl,Dubai,kkr,dc,Kolkata Knight Riders,Delhi Daredevils,kkr,bat,dc,Delhi Daredevils,,,false,,,4.0,2e8994e7,Indian Premier League,6.0,,male
729291,2014,2014,2014-04-20,sharjah,Sharjah,rr,pbks,Rajasthan Royals,Kings XI Punjab,pbks,field,pbks,Kings XI Punjab,,,false,,,7.0,b681e71e,Indian Premier League,7.0,,male
729293,2014,2014,2014-04-21,abudhabi_zayed,Abu Dhabi,csk,dc,Chennai Super Kings,Delhi Daredevils,csk,bat,csk,Chennai Super Kings,,,false,,93.0,,1dc12ab9,Indian Premier League,8.0,,male
729295,2014,2014,2014-04-22,sharjah,Sharjah,pbks,srh,Kings XI Punjab,Sunrisers Hyderabad,srh,field,pbks,Kings XI Punjab,,,false,,72.0,,b681e71e,Indian Premier League,9.0,,male
729297,2014,2014,2014-04-23,dubai_intl,Dubai,rr,csk,Rajasthan Royals,Chennai Super Kings,rr,field,csk,Chennai Super Kings,,,false,,7.0,,fe93fd9d,Indian Premier League,10.0,,male
729299,2014,2014,2014-04-24,sharjah,Sharjah,rcb,kkr,Royal Challengers Bangalore,Kolkata Knight Riders,rcb,field,kkr,Kolkata Knight Riders,,,false,,2.0,,45eda7c8,Indian Premier League,11.0,,male
729301,2014,2014,2014-04-25,dubai_intl,Dubai,srh,dc,Sunrisers Hyderabad,Delhi Daredevils,srh,bat,srh,Sunrisers Hyderabad,,,false,,4.0,,b8d490fd,Indian Premier League,12.0,,male
729303,2014,2014,2014-04-25,dubai_intl,Dubai,csk,mi,Chennai Super Kings,Mumbai Indians,mi,bat,csk,Chennai Super Kings,,,false,,,7.0,759ac88f,Indian Premier League,13.0,,male
729305,2014,2014,2014-04-26,abudhabi_zayed,Abu Dhabi,rr,rcb,Rajasthan Royals,Royal Challengers Bangalore,rr,field,rr,Rajasthan Royals,,,false,,,6.0,6aed7e79,Indian Premier League,14.0,,male
729307,2014,2014,2014-04-26,abudhabi_zayed,Abu Dhabi,kkr,pbks,Kolkata Knight Riders,Kings XI Punjab,kkr,field,pbks,Kings XI Punjab,,,false,,23.0,,ce820073,Indian Premier League,15.0,,male
729309,2014,2014,2014-04-27,sharjah,Sharjah,dc,mi,Delhi Daredevils,Mumbai Indians,mi,bat,dc,Delhi Daredevils,,,false,,,6.0,4b57e452,Indian Premier League,16.0,,male
729311,2014,2014,2014-04-27,sharjah,Sharjah,srh,csk,Sunrisers Hyderabad,Chennai Super Kings,srh,bat,csk,Chennai Super Kings,,,false,,,5.0,35205dfc,Indian Premier League,17.0,,male
729313,2014,2014,2014-04-28,dubai_intl,Dubai,pbks,rcb,Kings XI Punjab,Royal Challengers Bangalore,pbks,field,pbks,Kings XI Punjab,,,false,,,5.0,ce820073,Indian Premier League,18.0,,male
729315,2014,2014,2014-04-29,abudhabi_zayed,Abu Dhabi,kkr,rr,Kolkata Knight Riders,Rajasthan Royals,rr,bat,,,tie,,true,rr,,,808f425a,Indian Premier League,19.0,,male
729317,2014,2014,2014-04-30,dubai_intl,Dubai,mi,srh,Mumbai Indians,Sunrisers Hyderabad,mi,field,srh,Sunrisers Hyderabad,,,false,,15.0,,2e81a32d,Indian Premier League,20.0,,male
733971,2014,2014,2014-05-02,ranchi_jsca,Ranchi,csk,kkr,Chennai Super Kings,Kolkata Knight Riders,csk,bat,csk,Chennai Super Kings,,,false,,34.0,,fe93fd9d,Indian Premier League,21.0,,male
733973,2014,2014,2014-05-03,mumbai_wankhede,Mumbai,mi,pbks,Mumbai Indians,Kings XI Punjab,pbks,bat,mi,Mumbai Indians,,,false,,,5.0,8abdf100,Indian Premier League,22.0,,male
733975,2014,2014,2014-05-03,delhi_kotla,Delhi,dc,rr,Delhi Daredevils,Rajasthan Royals,rr,field,rr,Rajasthan Royals,,,false,,,7.0,944533a5,Indian Premier League,23.0,,male
733977,2014,2014,2014-05-04,bengaluru_chinnaswamy,Bengaluru,rcb,srh,Royal Challengers Bangalore,Sunrisers Hyderabad,rcb,field,rcb,Royal Challengers Bangalore,,,false,,,4.0,c4487b84,Indian Premier League,24.0,,male
733979,2014,2014,2014-05-05,ahmedabad_narendramodi,Ahmedabad,rr,kkr,Rajasthan Royals,Kolkata Knight Riders,kkr,field,rr,Rajasthan Royals,,,false,,10.0,,6aed7e79,Indian Premier League,25.0,,male
733981,2014,2014,2014-05-05,delhi_kotla,Delhi,dc,csk,Delhi Daredevils,Chennai Super Kings,csk,field,csk,Chennai Super Kings,,,false,,,8.0,35205dfc,Indian Premier League,26.0,,male
733983,2014,2014,2014-05-06,mumbai_wankhede,Mumbai,mi,rcb,Mumbai Indians,Royal Challengers Bangalore,rcb,field,mi,Mumbai Indians,,,false,,19.0,,740742ef,Indian Premier League,27.0,,male
733985,2014,2014,2014-05-07,delhi_kotla,Delhi,dc,kkr,Delhi Daredevils,Kolkata Knight Riders,dc,bat,kkr,Kolkata Knight Riders,,,false,,,8.0,bb345e0b,Indian Premier League,28.0,,male
733987,2014,2014,2014-05-07,cuttack_barabati,Cuttack,pbks,csk,Kings XI Punjab,Chennai Super Kings,csk,field,pbks,Kings XI Punjab,,,false,,44.0,,b681e71e,Indian Premier League,29.0,,male
733989,2014,2014,2014-05-08,ahmedabad_narendramodi,Ahmedabad,rr,srh,Rajasthan Royals,Sunrisers Hyderabad,rr,field,srh,Sunrisers Hyderabad,,,false,,32.0,,2e81a32d,Indian Premier League,30.0,,male
733991,2014,2014,2014-05-09,bengaluru_chinnaswamy,Bengaluru,rcb,pbks,Royal Challengers Bangalore,Kings XI Punjab,rcb,field,pbks,Kings XI Punjab,,,false,,32.0,,ce820073,Indian Premier League,31.0,,male
733993,2014,2014,2014-05-10,delhi_kotla,Delhi,dc,srh,Delhi Daredevils,Sunrisers Hyderabad,srh,field,srh,Sunrisers Hyderabad,,D/L,false,,,8.0,8fd1a8f5,Indian Premier League,32.0,,male
733995,2014,2014,2014-05-10,mumbai_wankhede,Mumbai,mi,csk,Mumbai Indians,Chennai Super Kings,csk,field,csk,Chennai Super Kings,,,false,,,4.0,35205dfc,Indian Premier League,33.0,,male
733997,2014,2014,2014-05-11,cuttack_barabati,Cuttack,pbks,kkr,Kings XI Punjab,Kolkata Knight Riders,kkr,field,kkr,Kolkata Knight Riders,,,false,,,9.0,bb345e0b,Indian Premier League,34.0,,male
733999,2014,2014,2014-05-11,bengaluru_chinnaswamy,Bengaluru,rcb,rr,Royal Challengers Bangalore,Rajasthan Royals,rcb,bat,rr,Rajasthan Royals,,,false,,,5.0,808f425a,Indian Premier League,35.0,,male
734001,2014,2014,2014-05-12,hyderabad_rajivgandhi,Hyderabad,srh,mi,Sunrisers Hyderabad,Mumbai Indians,srh,bat,mi,Mumbai Indians,,,false,,,7.0,70d205c9,Indian Premier League,36.0,,male
734003,2014,2014,2014-05-13,ranchi_jsca,Ranchi,csk,rr,Chennai Super Kings,Rajasthan Royals,rr,bat,csk,Chennai Super Kings,,,false,,,5.0,fe93fd9d,Indian Premier League,37.0,,male
734005,2014,2014,2014-05-13,bengaluru_chinnaswamy,Bengaluru,rcb,dc,Royal Challengers Bangalore,Delhi Daredevils,dc,field,rcb,Royal Challengers Bangalore,,,false,,16.0,,1c914163,Indian Premier League,38.0,,male
734007,2014,2014,2014-05-14,hyderabad_rajivgandhi,Hyderabad,srh,pbks,Sunrisers Hyderabad,Kings XI Punjab,pbks,field,pbks,Kings XI Punjab,,,false,,,6.0,fe11caa6,Indian Premier League,39.0,,male
734009,2014,2014,2014-05-14,cuttack_barabati,Cuttack,kkr,mi,Kolkata Knight Riders,Mumbai Indians,kkr,field,kkr,Kolkata Knight Riders,,,false,,,6.0,1c17e270,Indian Premier League,40.0,,male
734011,2014,2014,2014-05-15,ahmedabad_narendramodi,Ahmedabad,rr,dc,Rajasthan Royals,Delhi Daredevils,dc,field,rr,Rajasthan Royals,,,false,,62.0,,29e95537,Indian Premier League,41.0,,male
734013,2014,2014,2014-05-18,ranchi_jsca,Ranchi,csk,rcb,Chennai Super Kings,Royal Challengers Bangalore,csk,bat,rcb,Royal Challengers Bangalore,,,false,,,5.0,c4487b84,Indian Premier League,42.0,,male
734015,2014,2014,2014-05-18,hyderabad_rajivgandhi,Hyderabad,srh,kkr,Sunrisers Hyderabad,Kolkata Knight Riders,srh,bat,kkr,Kolkata Knight Riders,,,false,,,7.0,cc1e8c68,Indian Premier League,43.0,,male
734017,2014,2014,2014-05-19,ahmedabad_narendramodi,Ahmedabad,rr,mi,Rajasthan Royals,Mumbai Indians,mi,bat,mi,Mumbai Indians,,,false,,25.0,,48fd7349,Indian Premier League,44.0,,male
734019,2014,2014,2014-05-19,delhi_kotla,Delhi,dc,pbks,Delhi Daredevils,Kings XI Punjab,pbks,field,pbks,Kings XI Punjab,,,false,,,4.0,2e171977,Indian Premier League,45.0,,male
734021,2014,2014,2014-05-20,hyderabad_rajivgandhi,Hyderabad,srh,rcb,Sunrisers Hyderabad,Royal Challengers Bangalore,rcb,bat,srh,Sunrisers Hyderabad,,,false,,,7.0,dcce6f09,Indian Premier League,46.0,,male
734023,2014,2014,2014-05-20,kolkata_eden,Kolkata,kkr,csk,Kolkata Knight Riders,Chennai Super Kings,kkr,field,kkr,Kolkata Knight Riders,,,false,,,8.0,1c17e270,Indian Premier League,47.0,,male
734025,2014,2014,2014-05-21,mohali_pca,Mohali,pbks,mi,Kings XI Punjab,Mumbai Indians,mi,field,mi,Mumbai Indians,,,false,,,7.0,89f64c19,Indian Premier League,48.0,,male
734027,2014,2014,2014-05-22,kolkata_eden,Kolkata,kkr,rcb,Kolkata Knight Riders,Royal Challengers Bangalore,rcb,field,kkr,Kolkata Knight Riders,,,false,,30.0,,1c17e270,Indian Premier League,49.0,,male
734029,2014,2014,2014-05-22,ranchi_jsca,Ranchi,csk,srh,Chennai Super Kings,Sunrisers Hyderabad,srh,field,srh,Sunrisers Hyderabad,,,false,,,6.0,dcce6f09,Indian Premier League,50.0,,male
734031,2014,2014,2014-05-23,mumbai_wankhede,Mumbai,mi,dc,Mumbai Indians,Delhi Daredevils,dc,field,mi,Mumbai Indians,,,false,,15.0,,48fd7349,Indian Premier League,51.0,,male
734033,2014,2014,2014-05-23,mohali_pca,Mohali,pbks,rr,Kings XI Punjab,Rajasthan Royals,rr,field,pbks,Kings XI Punjab,,,false,,16.0,,508a1ea7,Indian Premier League,52.0,,male
734035,2014,2014,2014-05-24,bengaluru_chinnaswamy,Bengaluru,rcb,csk,Royal Challengers Bangalore,Chennai Super Kings,csk,field,csk,Chennai Super Kings,,,false,,,8.0,4a8a2e3b,Indian Premier League,53.0,,male
734037,2014,2014,2014-05-24,kolkata_eden,Kolkata,kkr,srh,Kolkata Knight Riders,Sunrisers Hyderabad,kkr,field,kkr,Kolkata Knight Riders,,,false,,,4.0,3c6ffae8,Indian Premier League,54.0,,male
734039,2014,2014,2014-05-25,mohali_pca,Mohali,pbks,dc,Kings XI Punjab,Delhi Daredevils,pbks,field,pbks,Kings XI Punjab,,,false,,,7.0,c03e2850,Indian Premier League,55.0,,male
734041,2014,2014,2014-05-25,mumbai_wankhede,Mumbai,mi,rr,Mumbai Indians,Rajasthan Royals,mi,field,mi,Mumbai Indians,,,false,,,5.0,8abdf100,Indian Premier League,56.0,,male
734043,2014,2014,2014-05-27,kolkata_eden,Kolkata,pbks,kkr,Kings XI Punjab,Kolkata Knight Riders,pbks,field,kkr,Kolkata Knight Riders,,,false,,28.0,,cc1e8c68,Indian Premier League,,Qualifier 1,male
734045,2014,2014,2014-05-28,mumbai_brabourne,Mumbai,csk,mi,Chennai Super Kings,Mumbai Indians,csk,field,csk,Chennai Super Kings,,,false,,,7.0,1dc12ab9,Indian Premier League,,Eliminator,male
734047,2014,2014,2014-05-30,mumbai_wankhede,Mumbai,csk,pbks,Chennai Super Kings,Kings XI Punjab,csk,field,pbks,Kings XI Punjab,,,false,,24.0,,8ba8195d,Indian Premier League,,Qualifier 2,male
734049,2014,2014,2014-06-01,bengaluru_chinnaswamy,Bengaluru,kkr,pbks,Kolkata Knight Riders,Kings XI Punjab,kkr,field,kkr,Kolkata Knight Riders,,,false,,,3.0,93b4fc78,Indian Premier League,,Final,male
829705,2015,2015,2015-04-08,kolkata_eden,Kolkata,kkr,mi,Kolkata Knight Riders,Mumbai Indians,kkr,field,kkr,Kolkata Knight Riders,,,false,,,7.0,5bb5a915,Indian Premier League,1.0,,male
829707,2015,2015,2015-04-09,chennai_chepauk,Chennai,csk,dc,Chennai Super Kings,Delhi Daredevils,dc,field,csk,Chennai Super Kings,,,false,,1.0,,96fd40ae,Indian Premier League,2.0,,male
829709,2015,2015,2015-04-10,pune_mca,Pune,pbks,rr,Kings XI Punjab,Rajasthan Royals,pbks,field,rr,Rajasthan Royals,,,false,,26.0,,808f425a,Indian Premier League,3.0,,male
829711,2015,2015,2015-04-11,chennai_chepauk,Chennai,csk,srh,Chennai Super Kings,Sunrisers Hyderabad,csk,bat,csk,Chennai Super Kings,,,false,,45.0,,b8a55852,Indian Premier League,4.0,,male
829713,2015,2015,2015-04-11,kolkata_eden,Kolkata,kkr,rcb,Kolkata Knight Riders,Royal Challengers Bangalore,rcb,field,rcb,Royal Challengers Bangalore,,,false,,,3.0,db584dad,Indian Premier League,5.0,,male
829715,2015,2015,2015-04-12,delhi_kotla,Delhi,dc,rr,Delhi Daredevils,Rajasthan Royals,rr,field,rr,Rajasthan Royals,,,false,,,3.0,73ad96ed,Indian Premier League,6.0,,male
829717,2015,2015,2015-04-12,mumbai_wankhede,Mumbai,mi,pbks,Mumbai Indians,Kings XI Punjab,mi,field,pbks,Kings XI Punjab,,,false,,18.0,,5056011d,Indian Premier League,7.0,,male
829719,2015,2015,2015-04-13,bengaluru_chinnaswamy,Bengaluru,rcb,srh,Royal Challengers Bangalore,Sunrisers Hyderabad,srh,field,srh,Sunrisers Hyderabad,,,false,,,8.0,dcce6f09,Indian Premier League,8.0,,male
829721,2015,2015,2015-04-14,ahmedabad_narendramodi,Ahmedabad,rr,mi,Rajasthan Royals,Mumbai Indians,mi,bat,rr,Rajasthan Royals,,,false,,,7.0,30a45b23,Indian Premier League,9.0,,male
829723,2015,2015,2015-04-30,kolkata_eden,Kolkata,kkr,csk,Kolkata Knight Riders,Chennai Super Kings,kkr,field,kkr,Kolkata Knight Riders,,,false,,,7.0,bbd41817,Indian Premier League,30.0,,male
829725,2015,2015,2015-04-15,pune_mca,Pune,pbks,dc,Kings XI Punjab,Delhi Daredevils,pbks,bat,dc,Delhi Daredevils,,,false,,,5.0,00ea847a,Indian Premier League,10.0,,male
829727,2015,2015,2015-04-16,vizag_acavdca,Visakhapatnam,srh,rr,Sunrisers Hyderabad,Rajasthan Royals,rr,field,rr,Rajasthan Royals,,,false,,,6.0,29e95537,Indian Premier League,11.0,,male
829729,2015,2015,2015-04-17,mumbai_wankhede,Mumbai,mi,csk,Mumbai Indians,Chennai Super Kings,mi,bat,csk,Chennai Super Kings,,,false,,,6.0,96fd40ae,Indian Premier League,12.0,,male
829731,2015,2015,2015-04-18,vizag_acavdca,Visakhapatnam,srh,dc,Sunrisers Hyderabad,Delhi Daredevils,dc,bat,dc,Delhi Daredevils,,,false,,4.0,,2e8994e7,Indian Premier League,13.0,,male
829733,2015,2015,2015-04-18,pune_mca,Pune,pbks,kkr,Kings XI Punjab,Kolkata Knight Riders,kkr,field,kkr,Kolkata Knight Riders,,,false,,,4.0,bbd41817,Indian Premier League,14.0,,male
829735,2015,2015,2015-04-19,ahmedabad_narendramodi,Ahmedabad,rr,csk,Rajasthan Royals,Chennai Super Kings,csk,bat,rr,Rajasthan Royals,,,false,,,8.0,29e95537,Indian Premier League,15.0,,male
829737,2015,2015,2015-04-19,bengaluru_chinnaswamy,Bengaluru,rcb,mi,Royal Challengers Bangalore,Mumbai Indians,rcb,field,mi,Mumbai Indians,,,false,,18.0,,8b5b6769,Indian Premier League,16.0,,male
829739,2015,2015,2015-04-20,delhi_kotla,Delhi,dc,kkr,Delhi Daredevils,Kolkata Knight Riders,kkr,field,kkr,Kolkata Knight Riders,,,false,,,6.0,cc1e8c68,Indian Premier League,17.0,,male
829741,2015,2015,2015-04-21,ahmedabad_narendramodi,Ahmedabad,rr,pbks,Rajasthan Royals,Kings XI Punjab,pbks,field,,,tie,,true,pbks,,,508a1ea7,Indian Premier League,18.0,,male
829743,2015,2015,2015-04-22,vizag_acavdca,Visakhapatnam,srh,kkr,Sunrisers Hyderabad,Kolkata Knight Riders,kkr,field,srh,Sunrisers Hyderabad,,D/L,false,,16.0,,dcce6f09,Indian Premier League,19.0,,male
829745,2015,2015,2015-04-22,bengaluru_chinnaswamy,Bengaluru,rcb,csk,Royal Challengers Bangalore,Chennai Super Kings,rcb,field,csk,Chennai Super Kings,,,false,,27.0,,1dc12ab9,Indian Premier League,20.0,,male
829747,2015,2015,2015-04-23,delhi_kotla,Delhi,dc,mi,Delhi Daredevils,Mumbai Indians,mi,field,dc,Delhi Daredevils,,,false,,37.0,,85ec8e33,Indian Premier League,21.0,,male
829749,2015,2015,2015-04-24,ahmedabad_narendramodi,Ahmedabad,rr,rcb,Rajasthan Royals,Royal Challengers Bangalore,rcb,field,rcb,Royal Challengers Bangalore,,,false,,,9.0,3fb19989,Indian Premier League,22.0,,male
829751,2015,2015,2015-04-25,mumbai_wankhede,Mumbai,mi,srh,Mumbai Indians,Sunrisers Hyderabad,mi,bat,mi,Mumbai Indians,,,false,,20.0,,a12e1d51,Indian Premier League,23.0,,male
829753,2015,2015,2015-04-25,chennai_chepauk,Chennai,csk,pbks,Chennai Super Kings,Kings XI Punjab,csk,bat,csk,Chennai Super Kings,,,false,,97.0,,b8a55852,Indian Premier League,24.0,,male
829757,2015,2015,2015-04-26,delhi_kotla,Delhi,dc,rcb,Delhi Daredevils,Royal Challengers Bangalore,rcb,field,rcb,Royal Challengers Bangalore,,,false,,,10.0,0a3d54b9,Indian Premier League,26.0,,male
829759,2015,2015,2015-04-27,mohali_pca,Mohali,pbks,srh,Kings XI Punjab,Sunrisers Hyderabad,pbks,field,srh,Sunrisers Hyderabad,,,false,,20.0,,a818c1be,Indian Premier League,27.0,,male
829761,2015,2015,2015-05-07,kolkata_eden,Kolkata,kkr,dc,Kolkata Knight Riders,Delhi Daredevils,kkr,bat,kkr,Kolkata Knight Riders,,,false,,13.0,,98ae73b1,Indian Premier League,42.0,,male
829763,2015,2015,2015-04-29,bengaluru_chinnaswamy,Bengaluru,rcb,rr,Royal Challengers Bangalore,Rajasthan Royals,rr,field,,,no result,,false,,,,,Indian Premier League,29.0,,male
829765,2015,2015,2015-04-28,chennai_chepauk,Chennai,csk,kkr,Chennai Super Kings,Kolkata Knight Riders,kkr,field,csk,Chennai Super Kings,,,false,,2.0,,87e562a9,Indian Premier League,28.0,,male
829767,2015,2015,2015-05-01,delhi_kotla,Delhi,dc,pbks,Delhi Daredevils,Kings XI Punjab,dc,field,dc,Delhi Daredevils,,,false,,,9.0,56ab442f,Indian Premier League,31.0,,male
829769,2015,2015,2015-05-01,mumbai_wankhede,Mumbai,mi,rr,Mumbai Indians,Rajasthan Royals,rr,field,mi,Mumbai Indians,,,false,,8.0,,70d205c9,Indian Premier League,32.0,,male
829771,2015,2015,2015-05-02,bengaluru_chinnaswamy,Bengaluru,rcb,kkr,Royal Challengers Bangalore,Kolkata Knight Riders,rcb,field,rcb,Royal Challengers Bangalore,,,false,,,7.0,c3a96caf,Indian Premier League,33.0,,male
829773,2015,2015,2015-05-02,hyderabad_rajivgandhi,Hyderabad,srh,csk,Sunrisers Hyderabad,Chennai Super Kings,csk,field,srh,Sunrisers Hyderabad,,,false,,22.0,,dcce6f09,Indian Premier League,34.0,,male
829775,2015,2015,2015-05-03,mohali_pca,Mohali,pbks,mi,Kings XI Punjab,Mumbai Indians,mi,bat,mi,Mumbai Indians,,,false,,23.0,,89f64c19,Indian Premier League,35.0,,male
829777,2015,2015,2015-05-03,mumbai_brabourne,Mumbai,rr,dc,Rajasthan Royals,Delhi Daredevils,dc,field,rr,Rajasthan Royals,,,false,,14.0,,29e95537,Indian Premier League,36.0,,male
829779,2015,2015,2015-05-04,chennai_chepauk,Chennai,csk,rcb,Chennai Super Kings,Royal Challengers Bangalore,csk,bat,csk,Chennai Super Kings,,,false,,24.0,,1dc12ab9,Indian Premier League,37.0,,male
829781,2015,2015,2015-05-04,kolkata_eden,Kolkata,kkr,srh,Kolkata Knight Riders,Sunrisers Hyderabad,srh,field,kkr,Kolkata Knight Riders,,,false,,35.0,,cc1e8c68,Indian Premier League,38.0,,male
829783,2015,2015,2015-05-05,mumbai_wankhede,Mumbai,mi,dc,Mumbai Indians,Delhi Daredevils,dc,bat,mi,Mumbai Indians,,,false,,,5.0,8b5b6769,Indian Premier League,39.0,,male
829785,2015,2015,2015-05-06,bengaluru_chinnaswamy,Bengaluru,rcb,pbks,Royal Challengers Bangalore,Kings XI Punjab,pbks,field,rcb,Royal Challengers Bangalore,,,false,,138.0,,db584dad,Indian Premier League,40.0,,male
829787,2015,2015,2015-05-07,mumbai_brabourne,Mumbai,rr,srh,Rajasthan Royals,Sunrisers Hyderabad,rr,field,srh,Sunrisers Hyderabad,,,false,,7.0,,d2a6c0e6,Indian Premier League,41.0,,male
829789,2015,2015,2015-05-08,chennai_chepauk,Chennai,csk,mi,Chennai Super Kings,Mumbai Indians,csk,bat,mi,Mumbai Indians,,,false,,,6.0,dbe50b21,Indian Premier League,43.0,,male
829791,2015,2015,2015-05-09,kolkata_eden,Kolkata,kkr,pbks,Kolkata Knight Riders,Kings XI Punjab,pbks,bat,kkr,Kolkata Knight Riders,,,false,,,1.0,bbd41817,Indian Premier League,44.0,,male
829793,2015,2015,2015-05-09,raipur_vnsingh,Raipur,dc,srh,Delhi Daredevils,Sunrisers Hyderabad,srh,bat,srh,Sunrisers Hyderabad,,,false,,6.0,,32198ae0,Indian Premier League,45.0,,male
829795,2015,2015,2015-05-10,mumbai_wankhede,Mumbai,mi,rcb,Mumbai Indians,Royal Challengers Bangalore,rcb,bat,rcb,Royal Challengers Bangalore,,,false,,39.0,,c4487b84,Indian Premier League,46.0,,male
829797,2015,2015,2015-05-10,chennai_chepauk,Chennai,csk,rr,Chennai Super Kings,Rajasthan Royals,csk,bat,csk,Chennai Super Kings,,,false,,12.0,,fe93fd9d,Indian Premier League,47.0,,male
829799,2015,2015,2015-05-11,hyderabad_rajivgandhi,Hyderabad,srh,pbks,Sunrisers Hyderabad,Kings XI Punjab,srh,bat,srh,Sunrisers Hyderabad,,,false,,5.0,,dcce6f09,Indian Premier League,48.0,,male
829801,2015,2015,2015-05-12,raipur_vnsingh,Raipur,dc,csk,Delhi Daredevils,Chennai Super Kings,csk,bat,dc,Delhi Daredevils,,,false,,,6.0,91a4a398,Indian Premier League,49.0,,male
829803,2015,2015,2015-05-13,mohali_pca,Mohali,pbks,rcb,Kings XI Punjab,Royal Challengers Bangalore,rcb,field,pbks,Kings XI Punjab,,,false,,22.0,,2e171977,Indian Premier League,50.0,,male
829805,2015,2015,2015-05-14,mumbai_wankhede,Mumbai,mi,kkr,Mumbai Indians,Kolkata Knight Riders,kkr,field,mi,Mumbai Indians,,,false,,5.0,,dbe50b21,Indian Premier League,51.0,,male
829807,2015,2015,2015-05-15,hyderabad_rajivgandhi,Hyderabad,srh,rcb,Sunrisers Hyderabad,Royal Challengers Bangalore,srh,bat,rcb,Royal Challengers Bangalore,,D/L,false,,,6.0,ba607b88,Indian Premier League,52.0,,male
829809,2015,2015,2015-05-16,mohali_pca,Mohali,pbks,csk,Kings XI Punjab,Chennai Super Kings,pbks,bat,csk,Chennai Super Kings,,,false,,,7.0,f62772e5,Indian Premier League,53.0,,male
829811,2015,2015,2015-05-16,mumbai_brabourne,Mumbai,rr,kkr,Rajasthan Royals,Kolkata Knight Riders,rr,bat,rr,Rajasthan Royals,,,false,,9.0,,4329fbb5,Indian Premier League,54.0,,male
829813,2015,2015,2015-05-17,bengaluru_chinnaswamy,Bengaluru,rcb,dc,Royal Challengers Bangalore,Delhi Daredevils,rcb,field,,,no result,,false,,,,,Indian Premier League,55.0,,male
829815,2015,2015,2015-05-17,hyderabad_rajivgandhi,Hyderabad,srh,mi,Sunrisers Hyderabad,Mumbai Indians,srh,bat,mi,Mumbai Indians,,,false,,,9.0,51a3c5ef,Indian Premier League,56.0,,male
829817,2015,2015,2015-05-19,mumbai_wankhede,Mumbai,csk,mi,Chennai Super Kings,Mumbai Indians,mi,bat,mi,Mumbai Indians,,,false,,25.0,,a757b0d8,Indian Premier League,,Qualifier 1,male
829819,2015,2015,2015-05-20,pune_mca,Pune,rcb,rr,Royal Challengers Bangalore,Rajasthan Royals,rcb,bat,rcb,Royal Challengers Bangalore,,,false,,71.0,,c4487b84,Indian Premier League,,Eliminator,male
829821,2015,2015,2015-05-22,ranchi_jsca,Ranchi,csk,rcb,Chennai Super Kings,Royal Challengers Bangalore,csk,field,csk,Chennai Super Kings,,,false,,,3.0,96fd40ae,Indian Premier League,,Qualifier 2,male
829823,2015,2015,2015-05-24,kolkata_eden,Kolkata,mi,csk,Mumbai Indians,Chennai Super Kings,csk,field,mi,Mumbai Indians,,,false,,41.0,,740742ef,Indian Premier League,,Final,male
980901,2016,2016,2016-04-09,mumbai_wankhede,Mumbai,mi,rps,Mumbai Indians,Rising Pune Supergiants,mi,bat,rps,Rising Pune Supergiants,,,false,,,9.0,29e95537,Indian Premier League,1.0,,male
980903,2016,2016,2016-04-10,kolkata_eden,Kolkata,kkr,dc,Kolkata Knight Riders,Delhi Daredevils,kkr,field,kkr,Kolkata Knight Riders,,,false,,,9.0,bbd41817,Indian Premier League,2.0,,male
980905,2016,2016,2016-04-11,mohali_pca,Mohali,pbks,gl,Kings XI Punjab,Gujarat Lions,gl,field,gl,Gujarat Lions,,,false,,,5.0,b8d490fd,Indian Premier League,3.0,,male
980907,2016,2016,2016-04-12,bengaluru_chinnaswamy,Bengaluru,rcb,srh,Royal Challengers Bangalore,Sunrisers Hyderabad,srh,field,rcb,Royal Challengers Bangalore,,,false,,45.0,,c4487b84,Indian Premier League,4.0,,male
980909,2016,2016,2016-04-13,kolkata_eden,Kolkata,kkr,mi,Kolkata Knight Riders,Mumbai Indians,mi,field,mi,Mumbai Indians,,,false,,,6.0,740742ef,Indian Premier League,5.0,,male
980911,2016,2016,2016-04-14,rajkot_saurashtra,Rajkot,gl,rps,Gujarat Lions,Rising Pune Supergiants,rps,bat,gl,Gujarat Lions,,,false,,,7.0,b8d490fd,Indian Premier League,6.0,,male
980913,2016,2016,2016-04-15,delhi_kotla,Delhi,dc,pbks,Delhi Daredevils,Kings XI Punjab,dc,field,dc,Delhi Daredevils,,,false,,,8.0,6b19d823,Indian Premier League,7.0,,male
980915,2016,2016,2016-04-16,hyderabad_rajivgandhi,Hyderabad,srh,kkr,Sunrisers Hyderabad,Kolkata Knight Riders,srh,bat,kkr,Kolkata Knight Riders,,,false,,,8.0,bb345e0b,Indian Premier League,8.0,,male
980917,2016,2016,2016-04-16,mumbai_wankhede,Mumbai,mi,gl,Mumbai Indians,Gujarat Lions,gl,field,gl,Gujarat Lions,,,false,,,3.0,b8d490fd,Indian Premier League,9.0,,male
980919,2016,2016,2016-04-17,mohali_pca,Mohali,pbks,rps,Kings XI Punjab,Rising Pune Supergiants,rps,bat,pbks,Kings XI Punjab,,,false,,,6.0,c03e2850,Indian Premier League,10.0,,male
980921,2016,2016,2016-04-17,bengaluru_chinnaswamy,Bengaluru,rcb,dc,Royal Challengers Bangalore,Delhi Daredevils,dc,field,dc,Delhi Daredevils,,,false,,,7.0,372455c4,Indian Premier League,11.0,,male
980923,2016,2016,2016-04-18,hyderabad_rajivgandhi,Hyderabad,srh,mi,Sunrisers Hyderabad,Mumbai Indians,srh,field,srh,Sunrisers Hyderabad,,,false,,,7.0,dcce6f09,Indian Premier League,12.0,,male
980925,2016,2016,2016-04-19,mohali_pca,Mohali,pbks,kkr,Kings XI Punjab,Kolkata Knight Riders,kkr,field,kkr,Kolkata Knight Riders,,,false,,,6.0,1c17e270,Indian Premier League,13.0,,male
980927,2016,2016,2016-04-20,mumbai_wankhede,Mumbai,mi,rcb,Mumbai Indians,Royal Challengers Bangalore,mi,field,mi,Mumbai Indians,,,false,,,6.0,740742ef,Indian Premier League,14.0,,male
980929,2016,2016,2016-04-21,rajkot_saurashtra,Rajkot,gl,srh,Gujarat Lions,Sunrisers Hyderabad,srh,field,srh,Sunrisers Hyderabad,,,false,,,10.0,2e81a32d,Indian Premier League,15.0,,male
980931,2016,2016,2016-04-22,pune_mca,Pune,rps,rcb,Rising Pune Supergiants,Royal Challengers Bangalore,rps,field,rcb,Royal Challengers Bangalore,,,false,,13.0,,c4487b84,Indian Premier League,16.0,,male
980933,2016,2016,2016-04-23,delhi_kotla,Delhi,dc,mi,Delhi Daredevils,Mumbai Indians,mi,field,dc,Delhi Daredevils,,,false,,10.0,,a4cc73aa,Indian Premier League,17.0,,male
980935,2016,2016,2016-04-23,hyderabad_rajivgandhi,Hyderabad,srh,pbks,Sunrisers Hyderabad,Kings XI Punjab,srh,field,srh,Sunrisers Hyderabad,,,false,,,5.0,0a8fce53,Indian Premier League,18.0,,male
980937,2016,2016,2016-04-24,rajkot_saurashtra,Rajkot,gl,rcb,Gujarat Lions,Royal Challengers Bangalore,rcb,bat,gl,Gujarat Lions,,,false,,,6.0,ba607b88,Indian Premier League,19.0,,male
980939,2016,2016,2016-04-24,pune_mca,Pune,rps,kkr,Rising Pune Supergiants,Kolkata Knight Riders,kkr,field,kkr,Kolkata Knight Riders,,,false,,,2.0,271f83cd,Indian Premier League,20.0,,male
980941,2016,2016,2016-04-25,mohali_pca,Mohali,pbks,mi,Kings XI Punjab,Mumbai Indians,pbks,field,mi,Mumbai Indians,,,false,,25.0,,b5da6c24,Indian Premier League,21.0,,male
980943,2016,2016,2016-04-26,hyderabad_rajivgandhi,Hyderabad,srh,rps,Sunrisers Hyderabad,Rising Pune Supergiants,rps,field,rps,Rising Pune Supergiants,,D/L,false,,34.0,,66b30f71,Indian Premier League,22.0,,male
980945,2016,2016,2016-04-27,delhi_kotla,Delhi,dc,gl,Delhi Daredevils,Gujarat Lions,dc,field,gl,Gujarat Lions,,,false,,1.0,,fb66ce1f,Indian Premier League,23.0,,male
980947,2016,2016,2016-04-28,mumbai_wankhede,Mumbai,mi,kkr,Mumbai Indians,Kolkata Knight Riders,mi,field,mi,Mumbai Indians,,,false,,,6.0,740742ef,Indian Premier League,24.0,,male
980949,2016,2016,2016-04-29,pune_mca,Pune,rps,gl,Rising Pune Supergiants,Gujarat Lions,gl,field,gl,Gujarat Lions,,,false,,,3.0,35205dfc,Indian Premier League,25.0,,male
980951,2016,2016,2016-04-30,delhi_kotla,Delhi,dc,kkr,Delhi Daredevils,Kolkata Knight Riders,kkr,field,dc,Delhi Daredevils,,,false,,27.0,,e342e5fb,Indian Premier League,26.0,,male
980953,2016,2016,2016-04-30,hyderabad_rajivgandhi,Hyderabad,srh,rcb,Sunrisers Hyderabad,Royal Challengers Bangalore,rcb,field,srh,Sunrisers Hyderabad,,,false,,15.0,,dcce6f09,Indian Premier League,27.0,,male
980955,2016,2016,2016-05-01,rajkot_saurashtra,Rajkot,gl,pbks,Gujarat Lions,Kings XI Punjab,gl,field,pbks,Kings XI Punjab,,,false,,23.0,,2e171977,Indian Premier League,28.0,,male
980957,2016,2016,2016-05-01,pune_mca,Pune,rps,mi,Rising Pune Supergiants,Mumbai Indians,mi,field,mi,Mumbai Indians,,,false,,,8.0,740742ef,Indian Premier League,29.0,,male
980959,2016,2016,2016-05-02,bengaluru_chinnaswamy,Bengaluru,rcb,kkr,Royal Challengers Bangalore,Kolkata Knight Riders,kkr,field,kkr,Kolkata Knight Riders,,,false,,,5.0,bbd41817,Indian Premier League,30.0,,male
980961,2016,2016,2016-05-03,rajkot_saurashtra,Rajkot,gl,dc,Gujarat Lions,Delhi Daredevils,dc,field,dc,Delhi Daredevils,,,false,,,8.0,919a3be2,Indian Premier League,31.0,,male
980963,2016,2016,2016-05-04,kolkata_eden,Kolkata,kkr,pbks,Kolkata Knight Riders,Kings XI Punjab,pbks,field,kkr,Kolkata Knight Riders,,,false,,7.0,,bbd41817,Indian Premier League,32.0,,male
980965,2016,2016,2016-05-05,delhi_kotla,Delhi,dc,rps,Delhi Daredevils,Rising Pune Supergiants,rps,field,rps,Rising Pune Supergiants,,,false,,,7.0,29e95537,Indian Premier League,33.0,,male
980967,2016,2016,2016-05-06,hyderabad_rajivgandhi,Hyderabad,srh,gl,Sunrisers Hyderabad,Gujarat Lions,srh,field,srh,Sunrisers Hyderabad,,,false,,,5.0,2e81a32d,Indian Premier League,34.0,,male
980969,2016,2016,2016-05-07,bengaluru_chinnaswamy,Bengaluru,rcb,rps,Royal Challengers Bangalore,Rising Pune Supergiants,rcb,field,rcb,Royal Challengers Bangalore,,,false,,,7.0,ba607b88,Indian Premier League,35.0,,male
980971,2016,2016,2016-05-07,mohali_pca,Mohali,pbks,dc,Kings XI Punjab,Delhi Daredevils,dc,field,pbks,Kings XI Punjab,,,false,,9.0,,d9273ee7,Indian Premier League,36.0,,male
980973,2016,2016,2016-05-08,vizag_acavdca,Visakhapatnam,mi,srh,Mumbai Indians,Sunrisers Hyderabad,mi,field,srh,Sunrisers Hyderabad,,,false,,85.0,,96fd40ae,Indian Premier League,37.0,,male
980975,2016,2016,2016-05-08,kolkata_eden,Kolkata,kkr,gl,Kolkata Knight Riders,Gujarat Lions,gl,field,gl,Gujarat Lions,,,false,,,5.0,e938e1bc,Indian Premier League,38.0,,male
980977,2016,2016,2016-05-09,mohali_pca,Mohali,pbks,rcb,Kings XI Punjab,Royal Challengers Bangalore,pbks,field,rcb,Royal Challengers Bangalore,,,false,,1.0,,4329fbb5,Indian Premier League,39.0,,male
980979,2016,2016,2016-05-10,vizag_acavdca,Visakhapatnam,rps,srh,Rising Pune Supergiants,Sunrisers Hyderabad,srh,bat,srh,Sunrisers Hyderabad,,,false,,4.0,,14f96089,Indian Premier League,40.0,,male
980981,2016,2016,2016-05-11,bengaluru_chinnaswamy,Bengaluru,rcb,mi,Royal Challengers Bangalore,Mumbai Indians,mi,field,mi,Mumbai Indians,,,false,,,6.0,5b8c830e,Indian Premier League,41.0,,male
980983,2016,2016,2016-05-12,hyderabad_rajivgandhi,Hyderabad,srh,dc,Sunrisers Hyderabad,Delhi Daredevils,dc,field,dc,Delhi Daredevils,,,false,,,7.0,fb66ce1f,Indian Premier League,42.0,,male
980985,2016,2016,2016-05-13,vizag_acavdca,Visakhapatnam,mi,pbks,Mumbai Indians,Kings XI Punjab,mi,bat,pbks,Kings XI Punjab,,,false,,,7.0,d9273ee7,Indian Premier League,43.0,,male
980987,2016,2016,2016-05-14,bengaluru_chinnaswamy,Bengaluru,rcb,gl,Royal Challengers Bangalore,Gujarat Lions,gl,field,rcb,Royal Challengers Bangalore,,,false,,144.0,,c4487b84,Indian Premier League,44.0,,male
980989,2016,2016,2016-05-14,kolkata_eden,Kolkata,kkr,rps,Kolkata Knight Riders,Rising Pune Supergiants,rps,bat,kkr,Kolkata Knight Riders,,D/L,false,,,8.0,3c6ffae8,Indian Premier League,45.0,,male
980991,2016,2016,2016-05-15,mohali_pca,Mohali,pbks,srh,Kings XI Punjab,Sunrisers Hyderabad,pbks,bat,srh,Sunrisers Hyderabad,,,false,,,7.0,e798611a,Indian Premier League,46.0,,male
980993,2016,2016,2016-05-15,vizag_acavdca,Visakhapatnam,mi,dc,Mumbai Indians,Delhi Daredevils,dc,field,mi,Mumbai Indians,,,false,,80.0,,5b8c830e,Indian Premier League,47.0,,male
980995,2016,2016,2016-05-16,kolkata_eden,Kolkata,kkr,rcb,Kolkata Knight Riders,Royal Challengers Bangalore,rcb,field,rcb,Royal Challengers Bangalore,,,false,,,9.0,ba607b88,Indian Premier League,48.0,,male
980997,2016,2016,2016-05-17,vizag_acavdca,Visakhapatnam,rps,dc,Rising Pune Supergiants,Delhi Daredevils,rps,field,rps,Rising Pune Supergiants,,D/L,false,,19.0,,66b30f71,Indian Premier League,49.0,,male
980999,2016,2016,2016-05-18,bengaluru_chinnaswamy,Bengaluru,rcb,pbks,Royal Challengers Bangalore,Kings XI Punjab,pbks,field,rcb,Royal Challengers Bangalore,,D/L,false,,82.0,,ba607b88,Indian Premier League,50.0,,male
981001,2016,2016,2016-05-19,kanpur_greenpark,Kanpur,gl,kkr,Gujarat Lions,Kolkata Knight Riders,gl,field,gl,Gujarat Lions,,,false,,,6.0,35205dfc,Indian Premier League,51.0,,male
981003,2016,2016,2016-05-20,raipur_vnsingh,Raipur,dc,srh,Delhi Daredevils,Sunrisers Hyderabad,dc,field,dc,Delhi Daredevils,,,false,,,6.0,944533a5,Indian Premier League,52.0,,male
981005,2016,2016,2016-05-21,vizag_acavdca,Visakhapatnam,rps,pbks,Rising Pune Supergiants,Kings XI Punjab,pbks,bat,rps,Rising Pune Supergiants,,,false,,,4.0,4a8a2e3b,Indian Premier League,53.0,,male
981007,2016,2016,2016-05-21,kanpur_greenpark,Kanpur,gl,mi,Gujarat Lions,Mumbai Indians,gl,field,gl,Gujarat Lions,,,false,,,6.0,1dc12ab9,Indian Premier League,54.0,,male
981009,2016,2016,2016-05-22,kolkata_eden,Kolkata,kkr,srh,Kolkata Knight Riders,Sunrisers Hyderabad,srh,field,kkr,Kolkata Knight Riders,,,false,,22.0,,3c6ffae8,Indian Premier League,55.0,,male
981011,2016,2016,2016-05-22,raipur_vnsingh,Raipur,dc,rcb,Delhi Daredevils,Royal Challengers Bangalore,rcb,field,rcb,Royal Challengers Bangalore,,,false,,,6.0,ba607b88,Indian Premier League,56.0,,male
981013,2016,2016,2016-05-24,bengaluru_chinnaswamy,Bengaluru,gl,rcb,Gujarat Lions,Royal Challengers Bangalore,rcb,field,rcb,Royal Challengers Bangalore,,,false,,,4.0,c4487b84,Indian Premier League,,Qualifier 1,male
981015,2016,2016,2016-05-25,delhi_kotla,Delhi,srh,kkr,Sunrisers Hyderabad,Kolkata Knight Riders,kkr,field,srh,Sunrisers Hyderabad,,,false,,22.0,,32198ae0,Indian Premier League,,Elimination Final,male
981017,2016,2016,2016-05-27,delhi_kotla,Delhi,gl,srh,Gujarat Lions,Sunrisers Hyderabad,srh,field,srh,Sunrisers Hyderabad,,,false,,,4.0,dcce6f09,Indian Premier League,,Qualifier 2,male
981019,2016,2016,2016-05-29,bengaluru_chinnaswamy,Bengaluru,rcb,srh,Royal Challengers Bangalore,Sunrisers Hyderabad,srh,bat,srh,Sunrisers Hyderabad,,,false,,8.0,,2e11c706,Indian Premier League,,Final,male
